Sequence Name,mcg,gvh,alm,mit,erl,pox,vac,nuc
MA6T_YEAST,0.39,0.37,0.33,0.23,0.5,0,0.52,0.26
SX19_YEAST,0.32,0.68,0.51,0.16,0.5,0.83,0.55,0.22
PUT4_YEAST,0.58,0.53,0.33,0.26,0.5,0,0.51,0.22
YB37_YEAST,0.8,0.82,0.4,0.31,0.5,0,0.57,0.25
UCR8_YEAST,0.38,0.31,0.59,0.19,0.5,0,0.46,0.22
RL1_YEAST,0.35,0.33,0.48,0.42,0.5,0,0.47,0.43
GLYC_YEAST,0.53,0.49,0.47,0.21,0.5,0,0.53,0.22
RM44_YEAST,0.53,0.52,0.61,0.35,0.5,0,0.5,0.22
CYPD_YEAST,0.78,0.74,0.58,0.25,1,0,0.53,0.22
UBP3_YEAST,0.27,0.43,0.5,0.13,0.5,0,0.54,0.31
EFG1_YEAST,0.53,0.48,0.45,0.44,0.5,0,0.49,0.27
HXT5_YEAST,0.43,0.45,0.37,0.12,0.5,0,0.48,0.22
PGK_YEAST,0.48,0.42,0.48,0.19,0.5,0,0.58,0.22
SMC1_YEAST,0.47,0.56,0.51,0.2,0.5,0,0.52,0.59
YB52_YEAST,0.58,0.5,0.5,0.12,0.5,0,0.48,0.25
NIP1_YEAST,0.35,0.5,0.44,0.27,0.5,0,0.51,0.22
UBC7_YEAST,0.5,0.44,0.57,0.28,0.5,0,0.57,0.22
SC65_YEAST,0.41,0.4,0.56,0.17,0.5,0,0.56,0.22
LAS1_YEAST,0.43,0.38,0.51,0.24,0.5,0,0.46,0.33
YKJ5_YEAST,0.36,0.48,0.61,0.26,0.5,0,0.5,0.16
CAP_YEAST,0.52,0.56,0.55,0.16,0.5,0,0.53,0.39
SYI_YEAST,0.5,0.46,0.52,0.16,0.5,0,0.52,0.26
CBF1_YEAST,0.3,0.32,0.57,0.19,0.5,0,0.48,0.55
HSP7_YEAST,0.38,0.46,0.52,0.75,0.5,0,0.5,0.26
PRCF_YEAST,0.35,0.47,0.53,0.19,0.5,0,0.48,0.22
ATR1_YEAST,0.28,0.58,0.21,0.13,0.5,0,0.51,0.22
RL2_YEAST,0.63,0.64,0.45,0.26,0.5,0,0.43,0.22
YHD5_YEAST,0.38,0.67,0.33,0.17,0.5,0,0.51,0.22
MDJ1_YEAST,0.4,0.52,0.53,0.52,0.5,0,0.51,0.22
FET3_YEAST,0.54,0.55,0.42,0.22,0.5,0,0.48,0.22
ZIP1_YEAST,0.47,0.43,0.61,0.4,0.5,0,0.48,0.47
PR02_YEAST,0.3,0.3,0.46,0.32,0.5,0,0.45,0.22
PRCG_YEAST,0.55,0.63,0.54,0.16,0.5,0,0.45,0.27
SEC2_YEAST,0.58,0.56,0.46,0.14,0.5,0,0.51,0.22
RS33_YEAST,0.5,0.5,0.62,0.23,0.5,0,0.35,0.11
RL71_YEAST,0.35,0.39,0.56,0.2,0.5,0,0.49,0.41
FUR4_YEAST,0.35,0.56,0.36,0.3,0.5,0,0.53,0.25
YPT1_YEAST,0.6,0.61,0.54,0.11,0.5,0,0.46,0.22
MSH1_YEAST,0.49,0.44,0.45,0.55,0.5,0,0.48,0.22
TP20_YEAST,0.4,0.56,0.53,0.15,0.5,0,0.49,0.22
PR16_YEAST,0.56,0.59,0.54,0.18,0.5,0,0.48,0.46
HIR1_YEAST,0.48,0.57,0.5,0.09,0.5,0,0.52,0.42
PRT1_YEAST,0.59,0.46,0.48,0.46,0.5,0,0.49,0.22
RAD9_YEAST,0.41,0.52,0.51,0.22,0.5,0,0.52,0.44
CYP1_YEAST,0.6,0.48,0.44,0.52,0.5,0,0.54,0.63
TOP2_YEAST,0.45,0.36,0.5,0.19,0.5,0,0.53,0.7
SUI1_YEAST,0.39,0.39,0.65,0.16,0.5,0,0.45,0.22
PUT2_YEAST,0.45,0.53,0.51,0.42,0.5,0,0.52,0.22
RL3B_YEAST,0.43,0.33,0.67,0.12,0.5,0,0.43,0.23
SSO1_YEAST,0.41,0.42,0.23,0.16,0.5,0,0.4,0.22
RL1A_YEAST,0.61,0.48,0.56,0.19,0.5,0,0.53,0.31
AP17_YEAST,0.53,0.52,0.49,0.27,0.5,0,0.51,0.22
PGD1_YEAST,0.41,0.48,0.54,0.24,0.5,0,0.37,0.51
KAPA_YEAST,0.25,0.26,0.53,0.17,0.5,0,0.45,0.22
SYDC_YEAST,0.46,0.35,0.53,0.16,0.5,0,0.51,0.29
MRS2_YEAST,0.55,0.59,0.47,0.64,0.5,0,0.54,0.33
CIN4_YEAST,0.66,0.45,0.5,0.23,0.5,0,0.49,0.22
CACM_YEAST,0.45,0.39,0.46,0.29,0.5,0,0.42,0.22
CC7_YEAST,0.42,0.31,0.5,0.15,0.5,0,0.53,0.22
KAR1_YEAST,0.23,0.34,0.41,0.28,0.5,0,0.5,0.27
SWI5_YEAST,0.41,0.39,0.61,0.17,0.5,0,0.5,0.61
TF3B_YEAST,0.49,0.51,0.52,0.13,0.5,0,0.51,0.33
YKY8_YEAST,0.25,0.4,0.52,0.15,0.5,0,0.56,0.28
OSTB_YEAST,0.78,0.71,0.35,0.25,0.5,0,0.49,0.22
DPOX_YEAST,0.32,0.49,0.53,0.28,0.5,0,0.5,0.5
RAM2_YEAST,0.4,0.6,0.5,0.16,0.5,0,0.51,0.22
ANC1_YEAST,0.53,0.31,0.58,0.39,0.5,0,0.47,0.37
RPC1_YEAST,0.56,0.61,0.52,0.19,0.5,0,0.52,0.32
DPO2_YEAST,0.54,0.53,0.48,0.14,0.5,0,0.49,0.33
YEA6_YEAST,0.42,0.71,0.45,0.15,0.5,0,0.48,0.22
SCO1_YEAST,0.52,0.54,0.47,0.49,0.5,0,0.54,0.22
MSN4_YEAST,0.51,0.56,0.62,0.24,0.5,0,0.52,0.51
MIF2_YEAST,0.37,0.31,0.53,0.16,0.5,0,0.53,0.44
PMT1_YEAST,0.37,0.51,0.39,0.18,0.5,0,0.51,0.27
ATPU_YEAST,0.5,0.54,0.53,0.54,0.5,0,0.51,0.27
RL6_YEAST,0.54,0.44,0.55,0.48,0.5,0,0.47,0.22
NU49_YEAST,0.69,0.62,0.49,0,1,0,0.47,0.22
R29B_YEAST,0.38,0.4,0.66,0.35,0.5,0,0.43,0.11
RT09_YEAST,0.58,0.53,0.5,0.53,0.5,0,0.47,0.31
NOT1_YEAST,0.37,0.46,0.4,0.27,0.5,0,0.45,0.22
ADB1_YEAST,0.47,0.41,0.46,0.18,0.5,0,0.53,0.22
RPB6_YEAST,0.27,0.31,0.55,0.13,0.5,0,0.5,0.22
SUP1_YEAST,0.41,0.49,0.55,0.13,0.5,0,0.55,0.22
YAB8_YEAST,0.69,0.66,0.36,0.09,0.5,0,0.56,0.22
MDHM_YEAST,0.58,0.49,0.5,0.41,0.5,0,0.57,0.22
GLYM_YEAST,0.47,0.56,0.53,0.44,0.5,0,0.53,0.22
ATPT_YEAST,0.63,0.53,0.54,0.4,0.5,0,0.5,0.22
YK62_YEAST,0.7,0.51,0.47,0.24,0.5,0,0.53,0.25
RPB1_YEAST,0.44,0.62,0.53,0.27,0.5,0,0.49,0.22
FLO1_YEAST,0.81,0.82,0.41,0.36,0.5,0,0.39,0.22
HS26_YEAST,0.44,0.41,0.58,0.2,0.5,0,0.57,0.25
MOD5_YEAST,0.67,0.51,0.54,0.21,0.5,0,0.43,0.3
DHSA_YEAST,0.56,0.65,0.49,0.56,0.5,0,0.49,0.22
BIK1_YEAST,0.64,0.57,0.57,0.27,0.5,0,0.37,0.22
PNPP_YEAST,0.38,0.62,0.52,0.14,0.5,0,0.53,0.22
HR25_YEAST,0.43,0.39,0.51,0.28,0.5,0,0.4,0.22
CBF5_YEAST,0.45,0.51,0.5,0.16,0.5,0,0.52,1
SGE1_YEAST,0.85,0.69,0.34,0.31,0.5,0,0.57,0.3
CG11_YEAST,0.49,0.43,0.51,0.13,0.5,0,0.47,0.22
MT17_YEAST,0.34,0.54,0.54,0.13,0.5,0,0.52,0.22
YHN8_YEAST,0.86,0.78,0.34,0.15,0.5,0,0.53,0.22
RAT1_YEAST,0.53,0.46,0.54,0.37,0.5,0,0.51,0.3
YHA9_YEAST,0.47,0.4,0.63,0.19,0.5,0,0.52,0.32
SWI6_YEAST,0.41,0.56,0.53,0.16,0.5,0,0.55,0.26
RIM2_YEAST,0.45,0.43,0.5,0.25,0.5,0,0.47,0.22
SPR1_YEAST,0.66,0.65,0.54,0.4,0.5,0,0.51,0.22
RPA9_YEAST,0.72,0.51,0.52,0.08,0.5,0,0.54,0.22
INV4_YEAST,0.75,0.76,0.58,0.22,0.5,0,0.49,0.22
RPBX_YEAST,0.57,0.49,0.61,0.26,0.5,0,0.52,0.22
PUR3_YEAST,0.73,0.63,0.42,0.3,0.5,0,0.49,0.22
PPAC_YEAST,0.74,0.72,0.5,0.28,0.5,0,0.49,0.27
ERG6_YEAST,0.32,0.47,0.55,0.12,0.5,0,0.52,0.22
MDL2_YEAST,0.72,0.56,0.4,0.26,0.5,0,0.51,0.26
CYB2_YEAST,0.53,0.44,0.51,0.33,0.5,0,0.52,0.22
RL4A_YEAST,0.56,0.35,0.47,0.41,0.5,0,0.5,0.22
CG12_YEAST,0.54,0.38,0.52,0.18,0.5,0,0.48,0.22
SON1_YEAST,0.4,0.39,0.6,0.23,0.5,0,0.52,0.31
MLP1_YEAST,0.46,0.55,0.61,0.13,0.5,0,0.47,0.22
YKA8_YEAST,0.3,0.37,0.4,0.45,0.5,0,0.48,0.41
PYC1_YEAST,0.46,0.43,0.5,0.24,0.5,0,0.48,0.31
VATX_YEAST,0.48,0.58,0.58,0.12,0.5,0,0.49,0.22
PIK1_YEAST,0.45,0.4,0.43,0.22,0.5,0,0.51,0.48
RL3P_YEAST,0.24,0.25,0.57,0.28,0.5,0,0.51,0.11
ATPO_YEAST,0.51,0.54,0.6,0.57,0.5,0,0.58,0.22
FAS1_YEAST,0.57,0.61,0.45,0.26,0.5,0,0.5,0.22
SYN_YEAST,0.47,0.41,0.53,0.27,0.5,0,0.47,0.25
VM12_YEAST,0.4,0.36,0.32,0.16,0.5,0,0.51,0.27
SC17_YEAST,0.46,0.44,0.58,0.17,0.5,0,0.55,0.22
CC4_YEAST,0.43,0.57,0.53,0.16,0.5,0,0.54,0.22
H104_YEAST,0.66,0.62,0.52,0.17,0.5,0,0.49,0.22
DAL5_YEAST,0.34,0.42,0.3,0.23,0.5,0,0.53,0.22
ATPY_YEAST,0.46,0.49,0.58,0.23,0.5,0,0.44,0.22
SPT3_YEAST,0.59,0.49,0.45,0.22,0.5,0,0.45,0.31
NIN1_YEAST,0.47,0.5,0.55,0.19,0.5,0,0.62,0.22
YCH0_YEAST,0.55,0.35,0.36,0.29,0.5,0,0.51,0.22
DA82_YEAST,0.56,0.43,0.54,0.16,0.5,0,0.5,0.22
ATPB_YEAST,0.43,0.57,0.51,0.49,0.5,0,0.48,0.22
TIP1_YEAST,0.77,0.7,0.44,0.29,0.5,0,0.56,0.22
GCR1_YEAST,0.27,0.51,0.47,0.35,0.5,0,0.49,0.28
NAM1_YEAST,0.51,0.46,0.54,0.41,0.5,0,0.53,0.22
USO1_YEAST,0.5,0.47,0.45,0.14,0.5,0,0.53,0.32
AGA2_YEAST,0.74,0.67,0.47,0.34,0.5,0,0.42,0.22
NAB1_YEAST,0.49,0.6,0.55,0.17,0.5,0,0.44,0.22
STH1_YEAST,0.66,0.65,0.53,0.17,0.5,0,0.47,0.66
PMS1_YEAST,0.38,0.48,0.51,0.13,0.5,0,0.5,0.32
ACE1_YEAST,0.43,0.39,0.54,0.21,0.5,0,0.53,0.27
ATC1_YEAST,0.44,0.43,0.34,0.21,0.5,0,0.55,0.4
YAF1_YEAST,0.45,0.51,0.43,0.22,0.5,0,0.57,0.22
RL44_YEAST,0.34,0.34,0.65,0.4,0.5,0,0.32,0.16
SIN4_YEAST,0.45,0.65,0.51,0.17,0.5,0,0.49,0.22
TRPE_YEAST,0.33,0.46,0.53,0.12,0.5,0,0.5,0.27
CC27_YEAST,0.48,0.54,0.5,0.17,0.5,0,0.53,0.22
MYS2_YEAST,0.53,0.41,0.5,0.24,1,0,0.47,0.22
STE2_YEAST,0.49,0.55,0.41,0.19,0.5,0,0.48,0.31
SKI3_YEAST,0.32,0.6,0.48,0.13,0.5,0,0.53,0.22
PYC2_YEAST,0.43,0.46,0.5,0.21,0.5,0,0.49,0.34
YJ90_YEAST,0.65,0.61,0.39,0.3,0.5,0,0.57,0.28
HEM1_YEAST,0.57,0.59,0.5,0.58,0.5,0,0.53,0.22
KTHY_YEAST,0.42,0.43,0.56,0.1,0.5,0,0.49,0.22
RAD2_YEAST,0.39,0.44,0.54,0.24,0.5,0,0.51,0.49
P152_YEAST,0.41,0.53,0.41,0.15,0.5,0,0.54,0.25
SUP2_YEAST,0.23,0.29,0.46,0,0.5,0,0.43,0.31
UBA1_YEAST,0.52,0.51,0.48,0.12,0.5,0,0.54,0.31
AMYH_YEAST,0.83,0.81,0.45,0.38,0.5,0,0.4,0.26
HXKA_YEAST,0.41,0.3,0.49,0.28,0.5,0,0.54,0.22
DPOG_YEAST,0.48,0.47,0.54,0.55,0.5,0,0.51,0.65
ALP1_YEAST,0.42,0.24,0.34,0.16,0.5,0,0.5,0.22
ATP6_YEAST,0.52,0.64,0.34,0.16,0.5,0,0.57,0.22
PUR4_YEAST,0.43,0.44,0.48,0.22,0.5,0,0.51,0.22
YAB1_YEAST,0.51,0.39,0.56,0.55,0.5,0,0.46,0.64
TFB1_YEAST,0.63,0.58,0.57,0.1,0.5,0,0.52,0.33
YJ43_YEAST,0.4,0.51,0.42,0.13,0.5,0,0.45,0.25
DUN1_YEAST,0.37,0.53,0.46,0.23,0.5,0,0.47,0.22
ALG5_YEAST,0.86,0.74,0.51,0.4,0.5,0,0.55,0.22
HXT3_YEAST,0.34,0.4,0.3,0.23,0.5,0,0.51,0.22
PR28_YEAST,0.62,0.41,0.52,0.17,0.5,0,0.48,0.22
YHR8_YEAST,0.31,0.42,0.48,0.17,0.5,0,0.49,0.53
RCA1_YEAST,0.41,0.41,0.43,0.61,0.5,0,0.53,0.22
DHE2_YEAST,0.59,0.43,0.52,0.19,0.5,0,0.55,0.27
UBC2_YEAST,0.48,0.47,0.59,0.41,0.5,0,0.56,0.27
YN46_YEAST,0.58,0.56,0.52,0.25,0.5,0,0.57,0.35
BAR1_YEAST,0.8,0.63,0.45,0.29,0.5,0,0.51,0.22
KPYK_YEAST,0.61,0.55,0.51,0.26,0.5,0,0.52,0.22
GCN2_YEAST,0.37,0.33,0.5,0.12,0.5,0,0.51,0.54
OM45_YEAST,0.75,0.66,0.64,0.39,0.5,0,0.46,0.32
KTR4_YEAST,0.94,0.6,0.33,0.49,0.5,0,0.54,0.22
DHA2_YEAST,0.57,0.53,0.53,0.34,0.5,0,0.53,0.22
ABF2_YEAST,0.55,0.5,0.66,0.36,0.5,0,0.49,0.22
HOP1_YEAST,0.29,0.68,0.47,0.26,0.5,0,0.47,0.37
HEM3_YEAST,0.46,0.45,0.56,0.16,0.5,0,0.56,0.22
DYHC_YEAST,0.6,0.56,0.47,0.2,0.5,0,0.5,0.38
NUP1_YEAST,0.45,0.41,0.58,0.48,0.5,0,0.53,0.64
RA23_YEAST,0.43,0.48,0.53,0.18,0.5,0,0.46,0.22
RL2A_YEAST,0.45,0.27,0.57,0.36,0.5,0,0.52,0.18
RFT1_YEAST,0.4,0.66,0.34,0.21,0.5,0,0.52,0.26
GCN4_YEAST,0.56,0.54,0.59,0.14,0.5,0,0.52,0.27
IMP1_YEAST,0.67,0.51,0.53,0.28,0.5,0,0.51,0.22
IF5_YEAST,0.41,0.46,0.57,0.25,0.5,0,0.57,0.38
INO1_YEAST,0.51,0.34,0.43,0.18,0.5,0,0.48,0.25
YNE2_YEAST,0.44,0.41,0.29,0.21,0.5,0,0.49,0.22
GCN5_YEAST,0.31,0.31,0.54,0.18,0.5,0,0.52,0.29
DPOE_YEAST,0.37,0.48,0.5,0.26,0.5,0,0.52,0.39
DSS4_YEAST,0.56,0.52,0.55,0.19,0.5,0,0.54,0.22
RL15_YEAST,0.46,0.35,0.69,0.18,0.5,0,0.3,0.25
OSTD_YEAST,0.78,0.73,0.27,0.28,0.5,0,0.56,0.22
INV1_YEAST,0.74,0.82,0.46,0.24,0.5,0,0.5,0.31
CTR1_YEAST,0.36,0.37,0.33,0.14,0.5,0,0.57,0.31
HO_YEAST,0.53,0.53,0.53,0.17,0.5,0,0.49,0.37
RTPT_YEAST,0.48,0.45,0.59,0.35,0.5,0,0.55,0.3
NUF2_YEAST,0.64,0.76,0.51,0.18,0.5,0,0.46,0.22
CH10_YEAST,0.55,0.53,0.56,0.29,0.5,0,0.48,0.22
PE12_YEAST,0.28,0.46,0.26,0.18,0.5,0,0.39,0.22
RLA1_YEAST,0.66,0.6,0.52,0.19,0.5,0,0.69,0.22
SNC2_YEAST,0.25,0.35,0.22,0.18,0.5,0,0.46,0.22
RAS2_YEAST,0.66,0.55,0.54,0.18,0.5,0,0.43,0.22
ERD2_YEAST,0.71,0.56,0.39,0.27,0.5,0,0.52,0.22
PPR1_YEAST,0.42,0.28,0.51,0.23,0.5,0,0.53,0.27
CB33_YEAST,0.41,0.45,0.53,0.17,0.5,0,0.51,0.25
IS42_YEAST,0.58,0.55,0.52,0.22,0.5,0,0.44,0.22
CATT_YEAST,0.41,0.51,0.58,0.15,0.5,0,0.45,0.27
PDR1_YEAST,0.33,0.38,0.45,0.19,0.5,0,0.54,0.37
YBT6_YEAST,0.54,0.44,0.38,0.22,0.5,0,0.54,0.3
AST1_YEAST,0.48,0.42,0.52,0.24,0.5,0,0.56,0.22
SEC7_YEAST,0.37,0.42,0.46,0.15,0.5,0,0.51,0.31
END2_YEAST,0.78,0.7,0.32,0.23,0.5,0,0.53,0.22
DBP2_YEAST,0.23,0.2,0.53,0.2,0.5,0,0.44,0.22
GPDA_YEAST,0.44,0.51,0.48,0.38,0.5,0,0.52,0.22
UCR9_YEAST,0.68,0.53,0.44,0.31,0.5,0,0.51,0.22
APE3_YEAST,0.74,0.57,0.51,0.28,0.5,0,0.58,0.22
PAS7_YEAST,0.5,0.51,0.57,0.27,0.5,0,0.48,0.22
SLY1_YEAST,0.64,0.31,0.53,0.15,0.5,0,0.53,0.31
R17B_YEAST,0.43,0.33,0.54,0.37,0.5,0,0.38,0.16
PEM1_YEAST,0.42,0.42,0.42,0.2,0.5,0,0.49,0.22
K6P1_YEAST,0.57,0.49,0.5,0.2,0.5,0,0.51,0.28
MTC_YEAST,0.38,0.51,0.75,0.17,0.5,0,0.55,0.22
RAP1_YEAST,0.54,0.53,0.53,0.17,0.5,0,0.51,0.39
CYBM_YEAST,0.61,0.72,0.39,0.33,0.5,0,0.58,0.22
TF2B_YEAST,0.58,0.64,0.42,0.3,0.5,0,0.54,0.22
E2BE_YEAST,0.32,0.38,0.52,0.2,0.5,0,0.52,0.28
SRB2_YEAST,0.49,0.48,0.51,0.21,0.5,0,0.53,0.22
DLDH_YEAST,0.48,0.48,0.5,0.47,0.5,0,0.55,0.22
ITR1_YEAST,0.49,0.41,0.32,0.21,0.5,0,0.5,0.32
ACP_YEAST,0.52,0.53,0.58,0.69,0.5,0,0.5,0.22
IDH1_YEAST,0.53,0.56,0.49,0.46,0.5,0,0.52,0.22
FUS1_YEAST,0.84,0.66,0.36,0.78,0.5,0,0.49,0.5
KTR1_YEAST,0.77,0.6,0.42,0.33,0.5,0,0.57,0.22
RL12_YEAST,0.59,0.51,0.48,0.12,0.5,0,0.54,0.31
RM33_YEAST,0.57,0.58,0.58,0.35,0.5,0,0.49,0.22
PP12_YEAST,0.49,0.47,0.52,0.16,0.5,0,0.53,0.28
SYSC_YEAST,0.3,0.33,0.55,0.12,0.5,0,0.53,0.38
CBP3_YEAST,0.47,0.47,0.57,0.48,0.5,0,0.48,0.22
RT05_YEAST,0.38,0.54,0.54,0.41,0.5,0,0.51,0.22
ILVB_YEAST,0.45,0.59,0.53,0.74,0.5,0,0.47,0.25
CHL1_YEAST,0.42,0.51,0.5,0.12,0.5,0,0.52,0.46
GALY_YEAST,0.56,0.59,0.53,0.16,0.5,0,0.24,0.42
N100_YEAST,0.9,0.54,0.59,0.2,0.5,0,0.48,0.22
COX3_YEAST,0.52,0.77,0.38,0.34,0.5,0,0.51,0.22
TRPD_YEAST,0.45,0.76,0.51,0.25,0.5,0,0.59,0.22
SCJ1_YEAST,0.39,1,0.38,0.41,0.5,0,0.5,0.27
EF1A_YEAST,0.63,0.43,0.48,0.11,0.5,0,0.51,0.22
YCW2_YEAST,0.54,0.54,0.56,0.18,0.5,0,0.46,0.29
YE14_YEAST,0.4,0.4,0.44,0.37,0.5,0,0.53,0.25
DAP2_YEAST,0.36,0.68,0.38,0.08,0.5,0,0.53,0.25
KAD1_YEAST,0.57,0.47,0.6,0.18,0.5,0,0.51,0.22
TOP1_YEAST,0.41,0.42,0.53,0.17,0.5,0,0.48,0.58
PMP1_YEAST,0.95,0.71,0.27,0.39,0.5,0,0.31,0.22
CHS2_YEAST,0.39,0.42,0.38,0.4,0.5,0,0.49,0.47
PDR4_YEAST,0.57,0.53,0.6,0.28,0.5,0,0.52,0.45
RL17_YEAST,0.37,0.44,0.64,0.48,0.5,0,0.36,0.27
PHO4_YEAST,0.44,0.42,0.57,0.22,0.5,0,0.5,0.25
SOF1_YEAST,0.36,0.32,0.55,0.27,0.5,0,0.47,0.43
MTA1_YEAST,0.49,0.37,0.59,0.17,0.5,0,0.51,0.22
GLNA_YEAST,0.44,0.34,0.55,0.18,0.5,0,0.52,0.22
K6P2_YEAST,0.62,0.43,0.49,0.29,0.5,0,0.5,0.27
IF4A_YEAST,0.38,0.42,0.5,0.19,0.5,0,0.44,0.22
RL16_YEAST,0.61,0.53,0.59,0.17,0.5,0,0.44,0.28
YHB9_YEAST,0.41,0.53,0.45,0.14,0.5,0,0.52,0.66
VP17_YEAST,0.25,0.4,0.54,0.16,0.5,0,0.43,0.22
YCS7_YEAST,0.31,0.3,0.34,0.19,0.5,0,0.55,0.3
MCM2_YEAST,0.26,0.38,0.52,0.36,0.5,0,0.48,0.56
HAP2_YEAST,0.47,0.49,0.63,0.17,0.5,0,0.31,0.26
RS28_YEAST,0.38,0.5,0.52,0.44,0.5,0,0.54,0.11
PRCZ_YEAST,0.48,0.48,0.56,0.18,0.5,0,0.58,0.22
YCK1_YEAST,0.71,0.51,0.49,0.23,0.5,0,0.3,0.32
UCR2_YEAST,0.49,0.45,0.54,0.4,0.5,0,0.55,0.22
IXR1_YEAST,0.42,0.32,0.61,0.13,0.5,0,0.14,0.27
YIA6_YEAST,0.51,0.59,0.46,0.13,0.5,0,0.48,0.22
PDR3_YEAST,0.61,0.46,0.44,0.47,0.5,0,0.5,0.37
ACEA_YEAST,0.52,0.5,0.53,0.1,0.5,0,0.48,0.22
CC25_YEAST,0.39,0.58,0.5,0.26,0.5,0,0.54,0.59
SRB5_YEAST,0.6,0.62,0.54,0.11,0.5,0,0.51,0.22
GSP2_YEAST,0.58,0.48,0.56,0.12,0.5,0,0.46,0.25
BET1_YEAST,0.38,0.5,0.37,0.26,0.5,0,0.43,0.22
MPI2_YEAST,0.59,0.57,0.43,0.26,0.5,0,0.51,0.22
CC23_YEAST,0.35,0.58,0.54,0.16,0.5,0,0.51,0.22
IRE1_YEAST,0.89,0.81,0.36,0.71,0.5,0,0.55,0.63
NCPR_YEAST,0.78,0.63,0.53,0.13,0.5,0,0.54,0.22
PT27_YEAST,0.26,0.28,0.6,0.2,0.5,0,0.54,0.31
UBIQ_YEAST,0.46,0.47,0.62,0.3,0.5,0,0.38,0.22
MPI1_YEAST,0.4,0.68,0.5,0.82,0.5,0,0.44,0.36
SCA1_YEAST,0.47,0.32,0.51,0.24,0.5,0,0.54,0.27
CIN8_YEAST,0.21,0.41,0.55,0.11,0.5,0,0.5,0.27
CALM_YEAST,0.48,0.64,0.61,0.23,0.5,0,0.6,0.22
SST2_YEAST,0.46,0.41,0.43,0.18,0.5,0,0.54,0.22
YHK8_YEAST,0.49,0.56,0.37,0.2,0.5,0,0.53,0.22
R142_YEAST,0.56,0.41,0.58,0.21,0.5,0,0.42,0.22
CSE1_YEAST,0.58,0.56,0.45,0.12,0.5,0,0.51,0.22
RPA2_YEAST,0.35,0.41,0.53,0.27,0.5,0,0.47,0.29
PHD1_YEAST,0.48,0.46,0.58,0.26,0.5,0,0.44,0.22
MPP1_YEAST,0.47,0.54,0.54,0.48,0.5,0,0.53,0.26
HXT7_YEAST,0.45,0.57,0.3,0.17,0.5,0,0.51,0.22
SC21_YEAST,0.44,0.71,0.5,0.21,0.5,0,0.54,0.27
AROF_YEAST,0.34,0.46,0.57,0.09,0.5,0,0.55,0.22
YKW0_YEAST,0.81,0.9,0.39,0.41,0.5,0,0.53,0.22
ERG8_YEAST,0.62,0.58,0.46,0.13,0.5,0,0.53,0.22
RM20_YEAST,0.41,0.52,0.53,0.41,0.5,0,0.39,0.33
RL2_YEAST,0.63,0.64,0.45,0.26,0.5,0,0.43,0.22
ERG7_YEAST,0.34,0.38,0.45,0.19,0.5,0,0.51,0.22
R161_YEAST,0.49,0.4,0.58,0.23,0.5,0,0.47,0.27
YJ16_YEAST,0.5,0.45,0.49,0.3,0.5,0,0.47,0.4
GFA1_YEAST,0.52,0.51,0.51,0.12,0.5,0,0.51,0.4
CNA2_YEAST,0.39,0.58,0.5,0.1,0.5,0,0.51,0.25
TBB_YEAST,0.53,0.42,0.53,0.19,0.5,0,0.47,0.22
YDA2_YEAST,0.49,0.27,0.57,0.18,0.5,0.83,0.54,0.22
RL41_YEAST,0.35,0.21,1,0.8,0.5,0,0.13,0.01
PT91_YEAST,0.59,0.45,0.58,0.21,0.5,0,0.49,0.22
COXG_YEAST,0.42,0.31,0.62,0.12,0.5,0,0.4,0.22
CBPY_YEAST,0.69,0.7,0.5,0.3,0.5,0,0.54,0.22
MSH3_YEAST,0.51,0.6,0.51,0.26,0.5,0,0.54,0.22
PEP3_YEAST,0.51,0.46,0.49,0.21,0.5,0,0.55,0.22
CPT1_YEAST,0.47,0.54,0.37,0.14,0.5,0,0.5,0.22
ODP2_YEAST,0.48,0.57,0.52,0.61,0.5,0,0.51,0.22
GTS1_YEAST,0.41,0.6,0.53,0.29,0.5,0,0.47,0.43
MCM3_YEAST,0.53,0.51,0.51,0.11,0.5,0,0.49,0.41
VP15_YEAST,0.65,0.63,0.47,0.22,0.5,0,0.52,0.27
DPOD_YEAST,0.25,0.39,0.5,0.23,0.5,0,0.5,0.28
COX2_YEAST,0.59,0.61,0.34,0.22,0.5,0,0.51,0.22
MFA3_YEAST,0.8,0.81,0.55,0.35,0.5,0,0.42,0.22
YHR0_YEAST,0.8,0.73,0.47,0.19,0.5,0,0.49,0.22
H2A1_YEAST,0.44,0.53,0.52,0.37,0.5,0,0.5,0.22
NFS1_YEAST,0.48,0.54,0.53,0.6,0.5,0,0.53,0.31
YHA8_YEAST,0.63,0.65,0.42,0.18,0.5,0,0.54,0.27
YHK5_YEAST,0.92,0.66,0.52,0.23,0.5,0,0.53,0.22
ARGI_YEAST,0.65,0.65,0.52,0.16,0.5,0,0.6,0.22
SODM_YEAST,0.54,0.47,0.58,0.4,0.5,0,0.46,0.27
NAT1_YEAST,0.5,0.36,0.53,0.41,0.5,0,0.55,0.36
P2B1_YEAST,0.32,0.42,0.52,0.24,0.5,0,0.6,0.22
CALX_YEAST,0.75,0.7,0.38,0.27,0.5,0,0.49,0.22
BSD2_YEAST,0.36,0.43,0.39,0.12,0.5,0,0.49,0.22
ATPG_YEAST,0.48,0.45,0.55,0.5,0.5,0,0.53,0.22
KAPC_YEAST,0.42,0.37,0.54,0.17,0.5,0,0.51,0.22
SSN6_YEAST,0.19,0.66,0.6,0.14,0.5,0,0.2,0.25
TF2D_YEAST,0.37,0.29,0.45,0.15,0.5,0,0.49,0.22
HS60_YEAST,0.45,0.56,0.51,0.64,0.5,0,0.54,0.22
PGM1_YEAST,0.43,0.45,0.53,0.19,0.5,0,0.56,0.22
TCPB_YEAST,0.5,0.45,0.52,0.18,0.5,0,0.52,0.22
RM36_YEAST,0.64,0.64,0.56,0.21,0.5,0,0.5,0.22
UBC6_YEAST,0.43,0.48,0.36,0.26,0.5,0,0.52,0.22
SC18_YEAST,0.34,0.46,0.52,0.19,0.5,0,0.53,0.26
CYPR_YEAST,0.73,0.83,0.43,0.3,0.5,0,0.55,0.22
NAM9_YEAST,0.37,0.51,0.57,0.4,0.5,0,0.48,0.27
RM31_YEAST,0.58,0.52,0.61,0.33,0.5,0,0.38,0.11
YKN4_YEAST,0.46,0.62,0.46,0.54,0.5,0,0.51,0.27
YB54_YEAST,0.4,0.4,0.43,0.19,0.5,0.83,0.48,0.22
UCR6_YEAST,0.64,0.53,0.59,0.14,0.5,0,0.53,0.22
ATPS_YEAST,0.49,0.42,0.56,0.55,0.5,0,0.42,0.25
EF1A_YEAST,0.63,0.43,0.48,0.11,0.5,0,0.51,0.22
FUS3_YEAST,0.51,0.58,0.54,0.29,0.5,0,0.53,0.22
KIN1_YEAST,0.48,0.43,0.45,0.17,0.5,0,0.48,0.37
SMI1_YEAST,0.43,0.32,0.56,0.27,0.5,0,0.47,0.27
VP34_YEAST,0.57,0.47,0.48,0.17,0.5,0,0.52,0.26
PEM2_YEAST,0.48,0.49,0.45,0.23,0.5,0,0.51,0.22
HS30_YEAST,0.37,0.62,0.34,0.25,0.5,0,0.51,0.22
PT09_YEAST,0.48,0.52,0.49,0.35,0.5,0.5,0.51,0.22
IRA1_YEAST,0.47,0.59,0.43,0.13,0.5,0,0.56,0.3
CC16_YEAST,0.62,0.51,0.52,0.42,0.5,0,0.54,0.27
R114_YEAST,0.44,0.45,0.53,0.19,0.5,0,0.41,0.28
COXE_YEAST,0.49,0.46,0.45,0.45,0.5,0,0.52,0.22
SSD1_YEAST,0.45,0.45,0.51,0.3,0.5,0,0.48,0.44
RN15_YEAST,0.47,0.45,0.51,0.33,0.5,0,0.46,0.26
TRPF_YEAST,0.62,0.6,0.54,0.22,0.5,0,0.54,0.27
YKW2_YEAST,0.41,0.47,0.5,0.14,0.5,0,0.53,0.37
YCG9_YEAST,0.74,0.73,0.32,0.2,0.5,0,0.55,0.22
YIG3_YEAST,0.34,0.24,0.51,0.15,0.5,0,0.54,0.4
BEM1_YEAST,0.49,0.61,0.49,0.25,0.5,0,0.5,0.28
DATI_YEAST,0.27,0.36,0.6,0.33,0.5,0,0.37,0.31
RS6_YEAST,0.46,0.33,0.45,0.22,0.5,0,0.41,0.37
YJ36_YEAST,0.32,0.36,0.34,0.19,0.5,0,0.55,0.26
YOX1_YEAST,0.59,0.67,0.54,0.19,0.5,0,0.48,0.6
ADH2_YEAST,0.46,0.53,0.52,0.15,0.5,0,0.58,0.22
INO2_YEAST,0.56,0.45,0.59,0.14,0.5,0,0.51,0.26
FPS1_YEAST,0.42,0.52,0.4,0.17,0.5,0,0.5,0.26
ALG1_YEAST,0.86,0.68,0.39,0.24,0.5,0,0.54,0.22
RPM2_YEAST,0.42,0.49,0.49,0.36,0.5,0,0.57,0.26
MGMT_YEAST,0.54,0.52,0.54,0.2,0.5,0,0.55,0.25
6PGD_YEAST,0.74,0.53,0.5,0.08,0.5,0,0.55,0.31
IPY2_YEAST,0.42,0.65,0.58,0.34,0.5,0,0.5,0.22
RS24_YEAST,0.61,0.38,0.57,0.36,0.5,0,0.44,0.21
ERG4_YEAST,0.36,0.46,0.43,0.19,0.5,0,0.48,0.22
PUT3_YEAST,0.29,0.4,0.41,0.48,0.5,0,0.53,0.3
PR05_YEAST,0.33,0.21,0.53,0.15,1,0,0.52,0.5
YIN4_YEAST,0.58,0.67,0.49,0.16,0.5,0,0.47,0.28
ODPX_YEAST,0.45,0.58,0.59,0.44,0.5,0,0.56,0.22
SYMC_YEAST,0.57,0.44,0.42,0.2,0.5,0,0.54,0.22
SC66_YEAST,0.39,0.71,0.38,0.14,0.5,0,0.5,0.22
ADT2_YEAST,0.43,0.67,0.48,0.27,0.5,0,0.53,0.22
ROX3_YEAST,0.43,0.44,0.64,0.19,0.5,0,0.38,0.33
KEX1_YEAST,0.67,0.63,0.34,0.41,0.5,0,0.6,0.33
ST12_YEAST,0.38,0.51,0.56,0.21,0.5,0,0.48,0.31
SC15_YEAST,0.55,0.55,0.52,0.13,0.5,0,0.53,0.25
HXKG_YEAST,0.48,0.39,0.49,0.18,0.5,0,0.51,0.22
PR18_YEAST,0.33,0.39,0.52,0.09,0.5,0,0.47,0.28
R19A_YEAST,0.52,0.43,0.61,0.22,0.5,0,0.45,0.22
MNN1_YEAST,0.66,0.66,0.32,0.54,0.5,0,0.51,0.22
YGL1_YEAST,0.38,0.56,0.38,0.16,0.5,0,0.53,0.22
YCQ0_YEAST,0.35,0.32,0.31,0.16,0.5,0,0.56,0.22
R167_YEAST,0.37,0.37,0.51,0.38,0.5,0,0.44,0.22
ADP1_YEAST,0.8,0.88,0.36,0.39,0.5,0,0.56,0.33
YB33_YEAST,0.46,0.59,0.38,0.12,0.5,0,0.5,0.22
6P2K_YEAST,0.45,0.41,0.49,0.14,1,0,0.53,0.3
NHPB_YEAST,0.11,0.41,0.67,0.13,0.5,0,0.45,0.29
BUD5_YEAST,0.47,0.52,0.5,0.4,0.5,0,0.41,0.22
YB91_YEAST,0.43,0.6,0.4,0.12,0.5,0,0.49,0.29
TOP3_YEAST,0.53,0.51,0.54,0.21,0.5,0,0.45,0.22
HS75_YEAST,0.6,0.46,0.51,0.1,0.5,0,0.48,0.31
DAP1_YEAST,0.32,0.36,0.28,0.38,0.5,0,0.5,0.4
KIP2_YEAST,0.38,0.49,0.54,1,0.5,0,0.5,0.27
FAD1_YEAST,0.43,0.51,0.48,0.14,0.5,0,0.5,0.22
DBF4_YEAST,0.35,0.4,0.59,0.22,0.5,0,0.47,0.37
RM27_YEAST,0.44,0.44,0.67,0.35,0.5,0,0.48,0.26
MAT1_YEAST,0.37,0.22,0.64,0.35,0.5,0,0.47,0.22
R102_YEAST,0.49,0.67,0.5,0.28,0.5,0,0.43,0.22
COXB_YEAST,0.5,0.41,0.44,0.5,0.5,0,0.42,0.22
GDI1_YEAST,0.64,0.53,0.45,0.13,0.5,0,0.53,0.22
H4_YEAST,0.37,0.34,0.58,0.24,0.5,0,0.44,0.18
R13A_YEAST,0.54,0.55,0.56,0.14,0.5,0,0.5,0.25
HIP1_YEAST,0.48,0.46,0.38,0.29,0.5,0,0.53,0.22
SAC7_YEAST,0.34,0.25,0.55,0.28,0.5,0,0.51,0.49
RL35_YEAST,0.52,0.47,0.58,0.18,0.5,0,0.34,0.11
PEP8_YEAST,0.4,0.36,0.55,0.15,0.5,0,0.53,0.22
TSA_YEAST,0.59,0.64,0.44,0.26,0.5,0,0.5,0.22
PPA5_YEAST,0.74,0.74,0.51,0.27,0.5,0,0.5,0.22
SFP1_YEAST,0.54,0.59,0.57,0.34,0.5,0,0.49,0.22
BCK2_YEAST,0.36,0.46,0.62,0.46,0.5,0,0.51,0.33
GBP2_YEAST,0.23,0.3,0.58,0.22,0.5,0,0.48,0.27
DRS1_YEAST,0.46,0.43,0.49,0.79,0.5,0,0.49,0.63
CC68_YEAST,0.36,0.68,0.46,0.16,0.5,0,0.53,0.28
COXX_YEAST,0.46,0.43,0.38,0.33,0.5,0,0.48,0.28
CCL1_YEAST,0.4,0.38,0.53,0.16,0.5,0,0.52,0.27
TCPZ_YEAST,0.49,0.48,0.52,0.24,0.5,0,0.5,0.22
PR39_YEAST,0.32,0.48,0.49,0.17,0.5,0,0.47,0.22
E2BB_YEAST,0.59,0.65,0.52,0.3,0.5,0,0.46,0.31
YJ13_YEAST,0.68,0.5,0.43,0.27,0.5,0,0.61,0.22
DPSD_YEAST,0.51,0.46,0.4,0.65,0.5,0,0.49,0.22
YINO_YEAST,0.76,0.67,0.37,0.22,0.5,0,0.54,0.22
SYWM_YEAST,0.44,0.53,0.53,0.37,0.5,0,0.51,0.22
SYFM_YEAST,0.43,0.32,0.5,0.29,0.5,0,0.5,0.22
OTC_YEAST,0.53,0.44,0.51,0.33,0.5,0,0.55,0.22
LYP1_YEAST,0.46,0.14,0.36,0.21,0.5,0,0.5,0.25
EF1B_YEAST,0.39,0.45,0.53,0.18,0.5,0,0.54,0.22
HAL1_YEAST,0.38,0.49,0.61,0.13,0.5,0,0.54,0.22
SYG_YEAST,0.4,0.48,0.5,0.17,0.5,0,0.54,0.5
HXT6_YEAST,0.45,0.57,0.3,0.17,0.5,0,0.51,0.22
RN12_YEAST,0.56,0.51,0.32,0.49,0.5,0,0.48,0.22
DPB2_YEAST,0.5,0.51,0.52,0.09,0.5,0,0.48,0.25
NMD2_YEAST,0.36,0.3,0.5,0.19,0.5,0,0.55,0.3
RS41_YEAST,0.32,0.44,0.54,0.21,0.5,0,0.4,0.19
KRE5_YEAST,0.86,0.92,0.5,0.37,1,0,0.53,0.32
MAS5_YEAST,0.64,0.44,0.56,0.15,0.5,0,0.56,0.22
RL9_YEAST,0.48,0.46,0.58,0.16,0.5,0,0.45,0.22
SRPR_YEAST,0.55,0.46,0.47,0.15,0.5,0,0.47,0.22
GEF1_YEAST,0.49,0.31,0.34,0.13,0.5,0,0.52,0.22
YHI7_YEAST,0.29,0.26,0.43,0.17,0.5,0,0.55,0.3
SYG1_YEAST,0.31,0.51,0.38,0.18,0.5,0,0.46,0.31
CC40_YEAST,0.28,0.37,0.61,0.09,0.5,0,0.52,0.55
IF4A_YEAST,0.38,0.42,0.5,0.19,0.5,0,0.44,0.22
YIR3_YEAST,0.85,0.85,0.3,0.31,0.5,0,0.55,0.42
HS83_YEAST,0.61,0.54,0.49,0.16,0.5,0,0.54,0.42
PLSC_YEAST,0.8,0.69,0.53,0.33,0.5,0,0.51,0.22
IF41_YEAST,0.32,0.32,0.52,0.18,0.5,0,0.48,0.34
CHMU_YEAST,0.47,0.39,0.59,0.15,0.5,0,0.57,0.22
MNN9_YEAST,0.74,0.56,0.35,0.36,0.5,0,0.51,0.25
RAM1_YEAST,0.59,0.47,0.51,0.53,0.5,0,0.53,0.26
KC2C_YEAST,0.38,0.37,0.56,0.21,0.5,0,0.49,0.22
SP14_YEAST,0.52,0.45,0.45,0.13,0.5,0,0.48,0.22
STE6_YEAST,0.46,0.61,0.38,0.35,0.5,0,0.49,0.22
ERS1_YEAST,0.73,0.55,0.41,0.16,0.5,0,0.46,0.22
RPA1_YEAST,0.56,0.49,0.54,0.15,0.5,0,0.5,0.35
TRNL_YEAST,0.49,0.38,0.49,0.15,0.5,0,0.53,0.25
RA50_YEAST,0.45,0.54,0.49,0.29,0.5,0,0.49,0.25
CATA_YEAST,0.37,0.53,0.6,0.19,0.5,0.5,0.42,0.22
SMY2_YEAST,0.6,0.64,0.56,0.36,0.5,0,0.46,0.27
YCR3_YEAST,0.69,0.57,0.39,0.19,0.5,0,0.48,0.39
RS3B_YEAST,0.39,0.39,0.59,0.25,0.5,0,0.45,0.22
COX8_YEAST,0.55,0.45,0.45,0.54,0.5,0,0.5,0.22
FMT_YEAST,0.59,0.56,0.5,0.48,0.5,0,0.46,0.22
VATF_YEAST,0.65,0.58,0.53,0.21,0.5,0,0.51,0.22
TOA1_YEAST,0.57,0.29,0.63,0.22,0.5,0,0.49,0.27
KRE6_YEAST,0.37,0.55,0.29,0.32,0.5,0,0.51,0.22
EFTU_YEAST,0.61,0.73,0.5,0.58,0.5,0,0.5,0.22
SMC2_YEAST,0.4,0.75,0.44,0.12,0.5,0,0.49,0.22
RM37_YEAST,0.56,0.5,0.61,0.49,0.5,0,0.46,0.28
CC46_YEAST,0.51,0.34,0.5,0.19,0.5,0,0.5,0.22
MNS1_YEAST,0.89,0.52,0.41,0.26,0.5,0,0.52,0.31
SNF3_YEAST,0.37,0.4,0.38,0.18,0.5,0,0.51,0.22
ZNRP_YEAST,0.67,0.57,0.36,0.19,0.5,0,0.56,0.22
HS73_YEAST,0.51,0.48,0.51,0.26,0.5,0,0.51,0.27
MSB2_YEAST,0.76,0.76,0.35,0.27,0.5,0,0.44,0.22
YHY0_YEAST,0.82,0.63,0.47,0.18,0.5,0,0.5,0.22
SLU7_YEAST,0.19,0.16,0.68,0.36,0.5,0,0.49,0.21
MYS1_YEAST,0.58,0.38,0.4,0.21,0.5,0,0.5,0.22
PDC2_YEAST,0.51,0.46,0.57,0.25,0.5,0,0.53,0.22
MAT2_YEAST,0.51,0.48,0.58,0.22,0.5,0,0.5,0.28
GBA1_YEAST,0.3,0.5,0.47,0.11,0.5,0,0.46,0.22
ATC4_YEAST,0.51,0.55,0.35,0.16,0.5,0,0.51,0.47
FOX2_YEAST,0.69,0.6,0.51,0.13,0.5,0.83,0.52,0.22
GLGB_YEAST,0.49,0.43,0.48,0.15,0.5,0,0.55,0.25
STF1_YEAST,0.55,0.41,0.67,0.61,0.5,0,0.49,0.14
RAD4_YEAST,0.33,0.28,0.52,0.15,0.5,0,0.51,0.86
ATPE_YEAST,0.63,0.57,0.59,0.4,0.5,0,0.38,0.22
RS4E_YEAST,0.53,0.57,0.6,0.36,0.5,0,0.5,0.22
PT12_YEAST,0.45,0.53,0.47,0.43,0.5,0,0.5,0.27
RAS1_YEAST,0.61,0.46,0.54,0.11,0.5,0,0.47,0.22
R26B_YEAST,0.46,0.54,0.59,0.41,0.5,0,0.53,0.21
NOP3_YEAST,0.44,0.34,0.61,0.13,0.5,0,0.49,0.26
JNM1_YEAST,0.42,0.25,0.6,0.14,0.5,0,0.45,0.22
CISZ_YEAST,0.44,0.38,0.48,0.32,0.5,0.83,0.53,0.22
SYV_YEAST,0.51,0.49,0.48,0.55,0.5,0,0.52,0.58
YCX9_YEAST,0.71,0.64,0.42,0.28,0.5,0,0.43,0.22
GDA1_YEAST,0.91,0.69,0.57,0.45,0.5,0,0.56,0.22
H2A2_YEAST,0.44,0.53,0.52,0.37,0.5,0,0.5,0.22
TPS1_YEAST,0.63,0.54,0.53,0.27,0.5,0,0.49,0.22
ISP6_YEAST,0.59,0.57,0.46,0.14,0.5,0,0.52,0.22
CYC1_YEAST,0.46,0.54,0.71,0.15,0.5,0,0.59,0.22
DHE4_YEAST,0.38,0.47,0.53,0.12,0.5,0,0.48,0.22
RM13_YEAST,0.6,0.57,0.64,0.52,0.5,0,0.47,0.28
SSO2_YEAST,0.25,0.42,0.21,0.14,0.5,0,0.41,0.22
MT28_YEAST,0.43,0.83,0.55,0.2,0.5,0,0.47,0.4
DCP1_YEAST,0.49,0.45,0.53,0.16,0.5,0,0.49,0.31
UGS2_YEAST,0.58,0.41,0.51,0.26,0.5,0,0.51,0.37
TCPD_YEAST,0.39,0.47,0.49,0.2,0.5,0,0.53,0.26
SRB6_YEAST,0.55,0.47,0.53,0.2,0.5,0,0.4,0.22
IF42_YEAST,0.28,0.27,0.5,0.14,0.5,0,0.5,0.28
CCHL_YEAST,0.53,0.53,0.6,0.13,0.5,0,0.49,0.22
YCZ6_YEAST,0.58,0.44,0.45,0.32,0.5,0,0.52,0.37
ROX1_YEAST,0.5,0.36,0.64,0.37,0.5,0,0.37,0.33
SYDM_YEAST,0.51,0.56,0.51,0.42,0.5,0,0.53,0.36
YAB9_YEAST,0.4,0.45,0.45,0.15,0.5,0,0.53,0.48
PYRD_YEAST,0.48,0.39,0.56,0.23,0.5,0,0.6,0.22
RA57_YEAST,0.41,0.52,0.56,0.26,0.5,0,0.48,0.32
PORI_YEAST,0.41,0.49,0.58,0.22,0.5,0,0.52,0.22
H4_YEAST,0.37,0.34,0.58,0.24,0.5,0,0.44,0.18
ORC2_YEAST,0.39,0.42,0.49,0.1,0.5,0,0.49,0.65
GR78_YEAST,0.85,0.56,0.33,0.38,1,0,0.55,0.25
SDH3_YEAST,0.54,0.64,0.4,0.56,0.5,0,0.51,0.22
YJ51_YEAST,0.81,0.76,0.32,0.37,0.5,0,0.51,0.22
TYR1_YEAST,0.66,0.54,0.53,0.17,0.5,0,0.54,0.22
RA25_YEAST,0.38,0.42,0.47,0.12,0.5,0,0.47,0.53
YP53_YEAST,0.71,0.5,0.5,0.18,0.5,0,0.46,0.22
RAD7_YEAST,0.49,0.49,0.51,0.29,0.5,0,0.52,0.71
TKT1_YEAST,0.58,0.55,0.51,0.13,0.5,0,0.52,0.22
COXA_YEAST,0.49,0.6,0.43,0.56,0.5,0,0.36,0.22
UCRX_YEAST,0.5,0.62,0.52,0.3,0.5,0,0.56,0.22
FKB2_YEAST,0.74,0.72,0.47,0.25,0.5,0,0.57,0.22
CISY_YEAST,0.38,0.68,0.44,0.45,0.5,0,0.53,0.22
STF2_YEAST,0.28,0.18,0.72,0.26,0.5,0,0.49,0.25
RA51_YEAST,0.55,0.59,0.53,0.15,0.5,0,0.49,0.22
PIS_YEAST,0.47,0.61,0.5,0.23,0.5,0,0.49,0.22
ACT2_YEAST,0.47,0.39,0.5,0.11,0.5,0,0.49,0.4
TRP_YEAST,0.48,0.44,0.51,0.24,0.5,0,0.49,0.22
PPX1_YEAST,0.51,0.48,0.46,0.29,0.5,0,0.54,0.22
KCC2_YEAST,0.32,0.57,0.5,0.15,0.5,0,0.53,0.22
ODO2_YEAST,0.53,0.5,0.54,0.56,0.5,0,0.49,0.41
IMP2_YEAST,0.35,0.49,0.47,0.22,0.5,0,0.5,0.28
SHM1_YEAST,0.56,0.59,0.45,0.15,0.5,0,0.54,0.22
RM49_YEAST,0.5,0.46,0.64,0.36,0.5,0,0.49,0.22
NAM7_YEAST,0.37,0.41,0.45,0.14,0.5,0,0.47,0.22
PMM_YEAST,0.54,0.51,0.56,0.15,0.5,0,0.54,0.31
ODO1_YEAST,0.54,0.51,0.54,0.52,0.5,0,0.47,0.25
GPT_YEAST,0.79,0.57,0.41,0.28,0.5,0,0.59,0.22
MAT2_YEAST,0.51,0.48,0.58,0.22,0.5,0,0.5,0.28
UBR1_YEAST,0.42,0.46,0.44,0.17,0.5,0,0.51,0.42
APN1_YEAST,0.45,0.46,0.55,0.43,0.5,0,0.55,0.38
G3P1_YEAST,0.59,0.48,0.49,0.42,0.5,0,0.52,0.22
COX7_YEAST,0.37,0.58,0.44,0.51,0.5,0,0.44,0.22
RLA2_YEAST,0.69,0.54,0.55,0.23,0.5,0,0.73,0.22
NI96_YEAST,0.4,0.53,0.44,0.18,0.5,0,0.54,0.31
SKO1_YEAST,0.47,0.55,0.57,0.17,0.5,0,0.52,0.66
GAS1_YEAST,0.7,0.69,0.43,0.33,0.5,0,0.58,0.22
MK11_YEAST,0.78,0.48,0.47,0.3,0.5,0,0.53,0.47
RPA3_YEAST,0.57,0.37,0.43,0.27,0.5,0,0.53,0.28
IPYR_YEAST,0.43,0.51,0.6,0.25,0.5,0,0.55,0.22
ARD1_YEAST,0.56,0.48,0.58,0.27,0.5,0,0.51,0.22
PH80_YEAST,0.53,0.54,0.43,0.18,0.5,0,0.53,0.31
RFC3_YEAST,0.34,0.58,0.5,0.26,0.5,0,0.51,0.22
IF52_YEAST,0.44,0.54,0.51,0.16,0.5,0,0.58,0.22
SX18_YEAST,0.38,0.58,0.46,0.21,0.5,0,0.52,0.22
LYS1_YEAST,0.5,0.45,0.48,0.17,0.5,0,0.5,0.26
PH85_YEAST,0.4,0.37,0.54,0.13,0.5,0,0.48,0.22
DPO4_YEAST,0.56,0.5,0.56,0.26,0.5,0,0.53,0.27
KAR3_YEAST,0.34,0.31,0.6,0.37,0.5,0,0.5,0.3
RPB3_YEAST,0.54,0.57,0.55,0.18,0.5,0,0.5,0.22
KIP1_YEAST,0.43,0.52,0.53,0.52,1,0,0.49,0.22
YHE0_YEAST,0.39,0.33,0.33,0.23,0.5,0,0.47,0.22
MAC1_YEAST,0.52,0.49,0.57,0.57,0.5,0,0.51,0.22
RMAR_YEAST,0.66,0.37,0.6,0.25,0.5,0,0.69,0.22
UBCX_YEAST,0.47,0.43,0.59,0.27,0.5,0,0.55,0.22
DPB3_YEAST,0.53,0.61,0.52,0.21,0.5,0,0.55,0.3
RNC1_YEAST,0.47,0.47,0.5,0.15,0.5,0,0.5,0.48
S160_YEAST,0.46,0.49,0.55,0.18,0.5,0,0.56,0.22
SYR_YEAST,0.46,0.44,0.53,0.31,0.5,0,0.48,0.22
AROC_YEAST,0.6,0.47,0.45,0.22,0.5,0,0.51,0.29
RM02_YEAST,0.6,0.51,0.6,0.38,0.5,0.83,0.52,0.24
MDHP_YEAST,0.68,0.58,0.51,0.19,0.5,0.83,0.54,0.22
SUL1_YEAST,0.43,0.28,0.41,0.32,0.5,0,0.52,0.22
LEU3_YEAST,0.54,0.54,0.49,0.14,0.5,0,0.56,0.22
YEP0_YEAST,0.38,0.37,0.36,0.14,0.5,0,0.54,0.22
RA16_YEAST,0.33,0.28,0.5,0.4,0.5,0,0.46,0.61
R26A_YEAST,0.46,0.54,0.59,0.41,0.5,0,0.53,0.21
NMT_YEAST,0.49,0.44,0.51,0.18,0.5,0,0.52,0.27
RS21_YEAST,0.42,0.5,0.64,0.13,0.5,0,0.49,0.22
ACON_YEAST,0.6,0.4,0.52,0.46,0.5,0,0.53,0.22
SNF5_YEAST,0.66,0.43,0.57,0.6,0.5,0,0.19,0.33
RM08_YEAST,0.55,0.5,0.6,0.31,0.5,0,0.46,0.27
ST20_YEAST,0.3,0.45,0.55,0.19,0.5,0,0.53,0.4
RTG1_YEAST,0.41,0.46,0.58,0.08,0.5,0,0.51,0.28
CYT2_YEAST,0.27,0.39,0.66,0.11,0.5,0,0.44,0.22
YKH4_YEAST,0.39,0.35,0.49,0.17,0.5,0,0.49,0.22
CCPR_YEAST,0.46,0.71,0.48,0.53,0.5,0,0.53,0.22
TCTP_YEAST,0.47,0.38,0.58,0.19,0.5,0,0.57,0.22
RPB8_YEAST,0.44,0.5,0.55,0.24,0.5,0,0.48,0.22
TRAM_YEAST,0.47,0.52,0.54,0.25,0.5,0,0.54,0.29
MK16_YEAST,0.49,0.62,0.65,0.18,0.5,0,0.46,0.43
MER2_YEAST,0.4,0.53,0.61,0.21,0.5,0,0.48,0.33
PRTD_YEAST,0.63,0.55,0.53,0.51,0.5,0,0.55,0.22
CLC1_YEAST,0.24,0.34,0.69,0.18,0.5,0,0.52,0.22
SDHL_YEAST,0.46,0.42,0.51,0.16,0.5,0,0.56,0.22
PRI2_YEAST,0.45,0.48,0.56,0.56,0.5,0,0.47,0.22
RT17_YEAST,0.41,0.54,0.58,0.2,0.5,0,0.52,0.22
ATU1_YEAST,0.54,0.55,0.34,0.31,0.5,0,0.54,0.22
UBP2_YEAST,0.19,0.41,0.55,0.13,0.5,0,0.52,0.25
MASZ_YEAST,0.44,0.53,0.52,0.23,0.5,0.83,0.51,0.22
EF3_YEAST,0.48,0.58,0.47,0.17,0.5,0,0.53,0.74
SC23_YEAST,0.41,0.49,0.47,0.09,0.5,0,0.49,0.22
PRCE_YEAST,0.46,0.62,0.54,0.25,0.5,0,0.46,0.22
CY1_YEAST,0.44,0.68,0.45,0.51,0.5,0,0.52,0.41
MR11_YEAST,0.39,0.3,0.56,0.12,0.5,0,0.53,0.38
BCK1_YEAST,0.42,0.47,0.52,0.41,0.5,0,0.53,0.32
MGM1_YEAST,0.66,0.52,0.52,0.44,0.5,0,0.56,0.27
KHR1_YEAST,0.84,0.63,0.38,0.23,0.5,0,0.53,0.22
SR72_YEAST,0.56,0.52,0.46,0.17,0.5,0,0.49,0.73
HS71_YEAST,0.53,0.48,0.51,0.18,0.5,0,0.52,0.27
TSM1_YEAST,0.5,0.5,0.48,0.34,0.5,0,0.52,0.27
YP51_YEAST,0.63,0.56,0.52,0.21,0.5,0,0.5,0.22
KEX2_YEAST,0.7,0.73,0.38,0.36,0.5,0,0.54,0.22
BAF1_YEAST,0.48,0.45,0.59,0.2,0.5,0,0.58,0.34
RSU2_YEAST,0.54,0.35,0.55,0.19,0.5,0,0.3,0.22
SOK1_YEAST,0.46,0.41,0.45,0.23,0.5,0,0.48,0.22
DBP1_YEAST,0.42,0.32,0.5,0.21,0.5,0,0.51,0.22
HS72_YEAST,0.51,0.48,0.51,0.19,0.5,0,0.51,0.27
MEIX_YEAST,0.7,0.53,0.42,0.22,0.5,0,0.51,0.28
DCP2_YEAST,0.49,0.45,0.46,0.18,0.5,0,0.49,0.31
ARF1_YEAST,0.64,0.59,0.56,0.23,0.5,0,0.46,0.22
TNT_YEAST,0.59,0.6,0.49,0.43,0.5,0,0.53,0.31
H2B2_YEAST,0.34,0.34,0.61,0.18,0.5,0,0.52,0.32
RPBY_YEAST,0.48,0.45,0.63,0.19,0.5,0,0.58,0.22
TRM1_YEAST,0.53,0.45,0.52,0.29,0.5,0,0.55,0.38
LGT3_YEAST,0.46,0.4,0.38,0.18,0.5,0,0.49,0.22
AMPL_YEAST,0.42,0.32,0.48,0.16,0.5,0,0.55,0.22
RFC1_YEAST,0.26,0.36,0.47,0.34,0.5,0,0.53,0.72
GAC1_YEAST,0.55,0.66,0.57,0.32,0.5,0,0.57,0.34
RM32_YEAST,0.57,0.61,0.55,0.27,0.5,0,0.44,0.21
YAE2_YEAST,0.39,0.63,0.41,0.27,0.5,0,0.49,0.22
SEC8_YEAST,0.48,0.51,0.5,0.24,0.5,0,0.54,0.38
LOS1_YEAST,0.53,0.44,0.47,0.22,0.5,0,0.53,0.22
C1TC_YEAST,0.45,0.4,0.5,0.16,0.5,0,0.5,0.22
PUB1_YEAST,0.48,0.5,0.56,0.11,0.5,0,0.33,0.22
R16A_YEAST,0.44,0.56,0.52,0.18,0.5,0,0.5,0.11
AATC_YEAST,0.51,0.4,0.56,0.17,0.5,0.5,0.49,0.22
PT22_YEAST,0.56,0.68,0.52,0.39,0.5,0,0.36,0.22
SLA2_YEAST,0.46,0.48,0.38,0.22,0.5,0,0.39,0.45
COQ3_YEAST,0.52,0.56,0.54,0.53,0.5,0,0.45,0.22
AMYG_YEAST,0.7,0.78,0.53,0.24,0.5,0,0.48,0.22
UME6_YEAST,0.6,0.57,0.63,0.22,0.5,0,0.5,0.49
RM41_YEAST,0.52,0.5,0.59,0.31,0.5,0,0.5,0.22
RL4B_YEAST,0.56,0.35,0.47,0.35,0.5,0,0.52,0.22
DCUP_YEAST,0.48,0.34,0.47,0.14,0.5,0,0.47,0.26
CHS3_YEAST,0.26,0.44,0.3,0.11,0.5,0,0.51,0.47
MS51_YEAST,0.55,0.53,0.54,0.4,0.5,0,0.48,0.22
EPT1_YEAST,0.29,0.43,0.4,0.15,0.5,0,0.53,0.22
YHX8_YEAST,0.4,0.43,0.49,0.17,0.5,0,0.51,0.36
IPPI_YEAST,0.51,0.43,0.63,0.18,0.5,0,0.52,0.22
ADH4_YEAST,0.59,0.45,0.53,0.19,0.5,0,0.59,0.27
SP10_YEAST,0.27,0.46,0.52,0.17,0.5,0,0.49,0.44
VP45_YEAST,0.46,0.52,0.51,0.13,0.5,0,0.47,0.22
IF4E_YEAST,0.39,0.47,0.56,0.16,0.5,0,0.47,0.22
E2BD_YEAST,0.42,0.39,0.47,0.13,0.5,0,0.5,0.27
SLN1_YEAST,0.52,0.65,0.36,0.37,0.5,0,0.52,0.34
PRC9_YEAST,0.48,0.56,0.49,0.32,0.5,0,0.5,0.22
ATH2_YEAST,0.27,0.56,0.3,0.14,0.5,0,0.52,0.39
ATP9_YEAST,0.78,0.65,0.4,0.16,0.5,0,0.63,0.22
SC72_YEAST,0.59,0.55,0.57,0.18,0.5,0,0.51,0.22
YIN0_YEAST,0.35,0.29,0.46,0.14,0.5,0,0.54,0.66
ATC3_YEAST,0.4,0.39,0.33,0.17,0.5,0,0.51,0.31
ADB2_YEAST,0.48,0.39,0.51,0.21,0.5,0,0.52,0.28
RPC8_YEAST,0.57,0.42,0.63,0.22,0.5,0,0.68,0.32
NOT4_YEAST,0.47,0.44,0.53,0.18,0.5,0,0.47,0.29
YK44_YEAST,0.58,0.56,0.38,0.39,0.5,0,0.54,0.57
RT13_YEAST,0.51,0.42,0.56,0.38,0.5,0,0.46,0.22
RPB9_YEAST,0.34,0.47,0.48,0.32,0.5,0,0.42,0.22
MTC_YEAST,0.38,0.51,0.75,0.17,0.5,0,0.55,0.22
PAP_YEAST,0.64,0.52,0.5,0.26,0.5,0,0.51,0.31
PTP2_YEAST,0.45,0.27,0.5,0.33,0.5,0,0.53,0.26
FZF1_YEAST,0.37,0.43,0.62,0.27,0.5,0,0.48,0.22
H3_YEAST,0.39,0.39,0.55,0.52,0.5,0,0.37,0.16
MAOX_YEAST,0.57,0.59,0.49,0.86,0.5,0,0.47,0.22
NAP1_YEAST,0.36,0.39,0.55,0.26,0.5,0,0.49,0.22
PEP1_YEAST,0.74,0.89,0.32,0.24,0.5,0,0.54,0.32
ERG2_YEAST,0.92,0.61,0.4,0.22,0.5,0,0.54,0.22
IF1A_YEAST,0.33,0.36,0.62,0.26,0.5,0,0.55,0.22
SMY1_YEAST,0.54,0.5,0.51,0.26,0.5,0,0.52,0.22
RU17_YEAST,0.33,0.46,0.6,0.18,0.5,0,0.51,0.26
TBA3_YEAST,0.59,0.46,0.55,0.17,0.5,0,0.52,0.25
MTD1_YEAST,0.57,0.4,0.48,0.24,0.5,0,0.55,0.22
GCN1_YEAST,0.41,0.52,0.41,0.11,0.5,0,0.54,0.35
N116_YEAST,0.88,0.59,0.54,0.39,0.5,0,0.41,0.3
NUF1_YEAST,0.51,0.34,0.49,0.16,0.5,0,0.53,0.21
HEM2_YEAST,0.53,0.43,0.47,0.15,0.5,0,0.58,0.22
ATN2_YEAST,0.36,0.49,0.3,0.22,0.5,0,0.52,0.31
RRN7_YEAST,0.42,0.38,0.52,0.29,0.5,0,0.42,0.22
RT08_YEAST,0.45,0.38,0.64,0.14,0.5,0,0.54,0.22
SEN2_YEAST,0.48,0.5,0.47,0.29,0.5,0,0.46,0.27
YCD8_YEAST,0.3,0.68,0.41,0.17,0.5,0,0.51,0.22
STP1_YEAST,0.48,0.54,0.56,0.29,0.5,0,0.51,0.43
CSE2_YEAST,0.53,0.38,0.66,0.25,0.5,0,0.43,0.22
PTSR_YEAST,0.5,0.5,0.54,0.16,0.5,0,0.49,0.22
YGP1_YEAST,0.8,0.79,0.43,0.25,0.5,0,0.52,0.22
DPOA_YEAST,0.36,0.39,0.54,0.16,0.5,0,0.5,0.28
FAS2_YEAST,0.63,0.62,0.42,0.12,0.5,0,0.52,0.25
YCS4_YEAST,0.51,0.38,0.42,0.21,0.5,0,0.46,0.34
CDC3_YEAST,0.29,0.32,0.58,0.15,0.5,0,0.5,0.3
SC59_YEAST,0.51,0.51,0.32,0.27,0.5,0,0.54,0.22
TTP1_YEAST,0.79,0.62,0.35,0.35,0.5,0,0.6,0.28
ARF2_YEAST,0.64,0.56,0.56,0.22,0.5,0,0.45,0.22
RFC2_YEAST,0.47,0.47,0.54,0.19,0.5,0,0.51,0.33
RT28_YEAST,0.65,0.53,0.55,0.52,0.5,0,0.47,0.27
ADA2_YEAST,0.61,0.6,0.55,0.21,0.5,0,0.5,0.25
YHC6_YEAST,0.61,0.76,0.3,0.16,0.5,0,0.45,0.41
RER1_YEAST,0.45,0.66,0.39,0.11,0.5,0,0.54,0.22
CALB_YEAST,0.37,0.42,0.51,0.11,0.5,0,0.57,0.22
CC31_YEAST,0.47,0.32,0.64,0.3,0.5,0,0.63,0.22
TKT2_YEAST,0.55,0.69,0.51,0.12,0.5,0,0.51,0.22
RM04_YEAST,0.36,0.38,0.56,0.44,0.5,0,0.48,0.22
R61A_YEAST,0.51,0.39,0.58,0.19,0.5,0,0.47,0.22
R17A_YEAST,0.43,0.33,0.54,0.37,0.5,0,0.38,0.16
PDI_YEAST,0.7,0.84,0.49,0.28,1,0,0.58,0.22
ATM1_YEAST,0.6,0.5,0.44,0.61,0.5,0,0.47,0.22
VATB_YEAST,0.44,0.35,0.55,0.14,0.5,0,0.52,0.22
SC11_YEAST,0.85,0.66,0.49,0.18,0.5,0,0.51,0.22
PR21_YEAST,0.38,0.26,0.6,0.1,0.5,0,0.48,0.44
YAC2_YEAST,0.49,0.53,0.36,0.15,0.5,0,0.52,0.27
ESP1_YEAST,0.55,0.46,0.46,0.31,0.5,0,0.58,0.48
HXTY_YEAST,0.33,0.28,0.31,0.24,0.5,0,0.53,0.22
TUP1_YEAST,0.5,0.43,0.56,0.17,0.5,0,0.35,0.22
RL46_YEAST,0.43,0.22,0.79,0.79,0.5,0,0.22,0
YAA7_YEAST,1,0.8,0.29,0.36,0.5,0,0.52,0.22
ARGD_YEAST,0.43,0.35,0.52,0.52,0.5,0,0.54,0.22
TAT2_YEAST,0.39,0.46,0.33,0.18,0.5,0,0.53,0.22
RA26_YEAST,0.47,0.43,0.48,0.16,0.5,0,0.46,0.27
RCS1_YEAST,0.33,0.55,0.51,0.43,0.5,0,0.51,0.22
G3P3_YEAST,0.61,0.52,0.5,0.44,0.5,0,0.53,0.22
STL1_YEAST,0.36,0.5,0.39,0.23,0.5,0,0.5,0.22
TYE7_YEAST,0.36,0.52,0.61,0.33,0.5,0,0.52,0.37
UBC5_YEAST,0.5,0.46,0.49,0.27,0.5,0,0.6,0.22
MS16_YEAST,0.61,0.59,0.47,0.49,0.5,0,0.54,0.22
NOP4_YEAST,0.33,0.48,0.55,0.16,0.5,0,0.53,0.75
KRE1_YEAST,0.84,0.87,0.45,0.54,0.5,0,0.28,0.22
HS74_YEAST,0.53,0.48,0.51,0.18,0.5,0,0.51,0.27
G3P2_YEAST,0.57,0.35,0.5,0.43,0.5,0,0.53,0.22
IF2M_YEAST,0.55,0.49,0.5,0.46,0.5,0,0.52,0.25
PRCH_YEAST,0.42,0.53,0.57,0.17,0.5,0,0.49,0.22
RAD3_YEAST,0.52,0.5,0.51,0.2,0.5,0,0.51,0.22
DEP1_YEAST,0.38,0.48,0.59,0.22,0.5,0,0.46,0.22
R29A_YEAST,0.38,0.32,0.64,0.41,0.5,0,0.44,0.11
GOG5_YEAST,0.69,0.48,0.38,0.15,0.5,0,0.55,0.22
RLA4_YEAST,0.78,0.82,0.56,0.21,0.5,0,0.69,0.22
CYC2_YEAST,0.4,0.56,0.48,0.14,0.5,0,0.47,0.22
GAL8_YEAST,0.6,0.6,0.49,0.3,0.5,0,0.53,0.22
LEU1_YEAST,0.52,0.62,0.54,0.19,0.5,0,0.5,0.22
RL3_YEAST,0.48,0.44,0.46,0.37,0.5,0,0.46,0.36
SC25_YEAST,0.5,0.48,0.48,0.23,0.5,0,0.53,0.68
CG13_YEAST,0.43,0.57,0.53,0.53,0.5,0,0.53,0.25
ERD1_YEAST,0.52,0.75,0.37,0.14,0.5,0,0.46,0.22
ADH3_YEAST,0.51,0.51,0.52,0.51,0.5,0,0.54,0.22
RPOM_YEAST,0.47,0.56,0.46,0.5,0.5,0,0.51,0.22
YJ91_YEAST,0.47,0.43,0.35,0.32,0.5,0,0.54,0.22
CAPA_YEAST,0.42,0.35,0.54,0.18,0.5,0,0.56,0.22
TCPA_YEAST,0.5,0.49,0.46,0.22,0.5,0,0.53,0.25
DHA1_YEAST,0.59,0.53,0.43,0.44,0.5,0,0.5,0.22
R104_YEAST,0.44,0.33,0.55,0.16,0.5,0,0.49,0.22
GPDM_YEAST,0.69,0.5,0.49,0.42,0.5,0,0.49,0.22
ODPB_YEAST,0.49,0.52,0.53,0.7,0.5,0,0.51,0.22
CCE1_YEAST,0.58,0.62,0.54,0.17,0.5,0,0.48,0.22
TOA2_YEAST,0.52,0.49,0.59,0.21,0.5,0,0.47,0.22
CYB_YEAST,0.61,0.72,0.31,0.33,0.5,0,0.56,0.22
TRK1_YEAST,0.55,0.39,0.39,0.47,0.5,0,0.5,0.83
GBG_YEAST,0.36,0.37,0.63,0.25,0.5,0,0.3,0.22
KC21_YEAST,0.31,0.31,0.56,0.33,0.5,0,0.52,0.33
G6PI_YEAST,0.46,0.46,0.53,0.23,0.5,0,0.51,0.22
PRI1_YEAST,0.33,0.35,0.56,0.19,0.5,0,0.5,0.22
MA3T_YEAST,0.39,0.37,0.33,0.23,0.5,0,0.53,0.26
HSF_YEAST,0.34,0.35,0.61,0.19,0.5,0,0.52,0.25
UGS1_YEAST,0.58,0.45,0.48,0.24,0.5,0,0.52,0.37
IF51_YEAST,0.44,0.55,0.51,0.16,0.5,0,0.6,0.22
EF1H_YEAST,0.54,0.48,0.55,0.33,0.5,0,0.55,0.4
REB1_YEAST,0.58,0.31,0.6,0.12,0.5,0,0.47,0.33
POB1_YEAST,0.49,0.48,0.52,0.2,0.5,0,0.55,0.22
UBP1_YEAST,0.59,0.7,0.46,0.19,0.5,0,0.54,0.44
YHT3_YEAST,0.49,0.55,0.35,0.23,0.5,0,0.57,0.22
YHY1_YEAST,0.77,0.68,0.35,0.19,0.5,0,0.53,0.43
PHO2_YEAST,0.4,0.34,0.52,0.17,0.5,0,0.47,0.51
LCF2_YEAST,0.35,0.46,0.49,0.15,1,0,0.55,0.35
CYPB_YEAST,0.77,0.79,0.58,0.23,0.5,0,0.48,0.22
DA81_YEAST,0.39,0.28,0.46,0.12,0.5,0,0.41,0.22
YKD8_YEAST,0.38,0.4,0.39,0.19,0.5,0,0.46,0.62
EST1_YEAST,0.35,0.6,0.47,0.13,0.5,0,0.52,0.43
PR08_YEAST,0.4,0.28,0.48,0.06,0.5,0,0.49,0.42
ASG2_YEAST,0.81,0.85,0.47,0.37,0.5,0,0.56,0.22
PRTB_YEAST,0.75,0.69,0.48,0.13,0.5,0,0.57,0.4
RL15_YEAST,0.46,0.35,0.69,0.18,0.5,0,0.3,0.25
SNM1_YEAST,0.37,0.44,0.51,0.56,0.5,0,0.5,0.38
MIG1_YEAST,0.43,0.39,0.59,0.13,0.5,0,0.41,0.43
NSR1_YEAST,0.3,0.55,0.58,0.16,0.5,0,0.61,0.28
RPC5_YEAST,0.38,0.38,0.54,0.24,0.5,0,0.54,0.22
SR14_YEAST,0.61,0.5,0.61,0.21,0.5,0,0.55,0.54
TF3A_YEAST,0.41,0.59,0.65,0.14,0.5,0,0.49,0.33
SIC1_YEAST,0.42,0.43,0.67,0.7,0.5,0,0.42,0.25
MSH2_YEAST,0.32,0.45,0.44,0.2,0.5,0,0.55,0.33
FRE1_YEAST,0.91,0.77,0.34,0.47,0.5,0,0.52,0.31
ACH1_YEAST,0.4,0.42,0.57,0.35,0.5,0,0.53,0.25
KCC1_YEAST,0.31,0.55,0.52,0.17,0.5,0,0.52,0.22
SEC9_YEAST,0.39,0.3,0.63,0.2,0.5,0,0.43,0.47
GLN3_YEAST,0.43,0.54,0.58,0.16,0.5,0,0.5,0.36
YP52_YEAST,0.48,0.61,0.57,0.17,0.5,0,0.45,0.22
RPD3_YEAST,0.37,0.3,0.51,0.15,0.5,0,0.58,0.26
KAPB_YEAST,0.49,0.46,0.54,0.18,0.5,0,0.35,0.22
KR11_YEAST,0.27,0.56,0.56,0.18,0.5,0,0.52,0.22
YKE6_YEAST,0.77,0.74,0.37,0.29,0.5,0,0.45,0.22
PRCI_YEAST,0.56,0.42,0.52,0.14,0.5,0,0.51,0.22
RS3A_YEAST,0.38,0.4,0.59,0.25,0.5,0,0.44,0.22
SLP1_YEAST,0.56,0.68,0.42,0.36,0.5,0,0.49,0.22
SWI3_YEAST,0.47,0.47,0.5,0.19,0.5,0,0.51,0.26
RS28_YEAST,0.38,0.5,0.52,0.44,0.5,0,0.54,0.11
RA14_YEAST,0.39,0.16,0.59,0.08,0.5,0,0.51,0.27
GALX_YEAST,0.62,0.58,0.52,0.15,0.5,0,0.52,0.29
EF2_YEAST,0.52,0.54,0.5,0.21,0.5,0,0.48,0.3
AFG3_YEAST,0.51,0.51,0.43,0.87,0.5,0,0.52,0.22
PRC3_YEAST,0.51,0.51,0.56,0.28,0.5,0,0.54,0.27
YKE9_YEAST,0.34,0.36,0.54,0.11,0.5,0,0.36,0.21
ATPD_YEAST,0.5,0.58,0.46,0.46,0.5,0,0.46,0.22
POP2_YEAST,0.5,0.45,0.53,0.21,0.5,0,0.28,0.22
RS11_YEAST,0.38,0.34,0.55,0.44,0.5,0,0.48,0.26
KAPR_YEAST,0.4,0.45,0.56,0.2,0.5,0,0.45,0.22
NAT2_YEAST,0.59,0.58,0.39,0.52,0.5,0,0.5,0.31
MPCP_YEAST,0.6,0.59,0.45,0.23,0.5,0,0.55,0.22
MTF1_YEAST,0.46,0.46,0.56,0.12,0.5,0,0.55,0.22
MRS3_YEAST,0.54,0.64,0.5,0.13,0.5,0,0.49,0.22
STE5_YEAST,0.45,0.57,0.52,0.21,0.5,0,0.54,0.38
TPIS_YEAST,0.44,0.49,0.49,0.27,0.5,0,0.52,0.22
HEM6_YEAST,0.35,0.4,0.53,0.18,0.5,0,0.42,0.38
AP54_YEAST,0.33,0.49,0.46,0.22,0.5,0,0.53,0.33
SC20_YEAST,0.46,0.47,0.44,0.18,1,0,0.46,0.22
RN14_YEAST,0.37,0.58,0.5,0.22,0.5,0,0.47,0.22
CYPH_YEAST,0.52,0.4,0.6,0.12,0.5,0,0.55,0.22
VAL1_YEAST,0.31,0.4,0.31,0.17,0.5,0,0.52,0.22
MSN1_YEAST,0.52,0.38,0.62,0.12,0.5,0,0.41,0.28
PSS_YEAST,0.35,0.45,0.43,0.11,0.5,0,0.56,0.22
R271_YEAST,0.39,0.65,0.57,0.19,0.5,0,0.44,0.25
KAD2_YEAST,0.63,0.67,0.57,0.24,0.5,0,0.49,0.22
R37B_YEAST,0.4,0.45,0.61,0.29,0.5,0,0.44,0.22
M101_YEAST,0.5,0.49,0.59,0.47,0.5,0,0.49,0.36
PIR3_YEAST,0.77,0.73,0.51,0.27,0.5,0,0.34,0.22
PLB1_YEAST,0.78,0.69,0.44,0.26,0.5,0,0.54,0.22
TBA1_YEAST,0.59,0.46,0.57,0.17,0.5,0,0.52,0.22
PT54_YEAST,0.5,0.57,0.62,0.25,0.5,0,0.51,0.22
YMC2_YEAST,0.38,0.47,0.47,0.18,0.5,0,0.44,0.26
RLA0_YEAST,0.48,0.55,0.48,0.1,0.5,0,0.55,0.22
IME1_YEAST,0.54,0.45,0.62,0.13,0.5,0,0.52,0.26
SNC1_YEAST,0.27,0.41,0.24,0.2,0.5,0,0.49,0.22
TPM1_YEAST,0.42,0.45,0.75,0.21,0.5,0,0.48,0.22
RSD1_YEAST,0.57,0.5,0.4,0.08,0.5,0,0.47,0.22
SLY4_YEAST,0.4,0.43,0.36,0.33,0.5,0,0.51,0.22
PROB_YEAST,0.56,0.48,0.5,0.17,0.5,0,0.51,0.26
CC42_YEAST,0.59,0.48,0.5,0.14,0.5,0,0.45,0.25
CC11_YEAST,0.4,0.62,0.52,0.31,0.5,0,0.49,0.31
RS31_YEAST,0.57,0.48,0.54,0.22,0.5,0,0.5,0.11
DHSB_YEAST,0.53,0.51,0.55,0.57,0.5,0,0.46,0.22
CNA1_YEAST,0.55,0.59,0.52,0.1,0.5,0,0.53,0.22
THDH_YEAST,0.5,0.53,0.45,0.44,0.5,0,0.49,0.22
NDI1_YEAST,0.53,0.61,0.51,0.49,0.5,0,0.54,0.27
TPM2_YEAST,0.39,0.45,0.75,0.17,0.5,0,0.51,0.22
CHI1_YEAST,0.82,0.78,0.49,0.23,0.5,0,0.46,0.22
RME1_YEAST,0.45,0.49,0.57,0.25,0.5,0,0.48,0.22
ATE1_YEAST,0.58,0.51,0.49,0.27,0.5,0,0.57,0.29
INV2_YEAST,0.74,0.82,0.46,0.24,0.5,0,0.48,0.22
SYFA_YEAST,0.45,0.4,0.56,0.14,0.5,0,0.54,0.22
SKN1_YEAST,0.38,0.42,0.31,0.35,0.5,0,0.52,0.22
MS18_YEAST,0.63,0.47,0.56,0.12,0.5,0,0.5,0.22
RGM1_YEAST,0.42,0.21,0.59,0.3,0.5,0,0.47,0.27
OM20_YEAST,0.72,0.58,0.42,0.28,0.5,0,0.48,0.22
SPT6_YEAST,0.23,0.13,0.51,0.16,0.5,0,0.53,0.51
OM70_YEAST,0.81,0.65,0.52,0.41,0.5,0,0.57,0.26
NUP2_YEAST,0.25,0.36,0.58,0.3,0.5,0,0.58,0.31
RS22_YEAST,0.46,0.39,0.54,0.22,0.5,0,0.48,0.25
TOR2_YEAST,0.49,0.5,0.42,0.43,0.5,0,0.5,0.36
UMPK_YEAST,0.47,0.59,0.56,0.09,0.5,0,0.5,0.22
KTR3_YEAST,0.58,0.76,0.4,0.37,0.5,0,0.54,0.3
FKBP_YEAST,0.35,0.36,0.57,0.17,0.5,0,0.52,0.22
CBP4_YEAST,0.35,0.52,0.48,0.22,0.5,0,0.26,0.22
TCPG_YEAST,0.59,0.51,0.47,0.21,0.5,0,0.47,0.22
SKN7_YEAST,0.46,0.56,0.56,0.25,0.5,0,0.43,0.22
IRA2_YEAST,0.4,0.45,0.42,0.17,0.5,0,0.54,0.26
RFA2_YEAST,0.46,0.41,0.58,0.1,0.5,0,0.48,0.22
MA6R_YEAST,0.33,0.38,0.53,0.26,0.5,0,0.52,0.27
H150_YEAST,0.74,0.71,0.52,0.3,0.5,0,0.27,0.22
UBC3_YEAST,0.58,0.48,0.51,0.47,0.5,0,0.55,0.22
YHF0_YEAST,0.5,0.63,0.45,0.13,0.5,0,0.45,0.32
YMC1_YEAST,0.39,0.58,0.47,0.18,0.5,0,0.48,0.22
RPCX_YEAST,0.5,0.56,0.63,0.25,0.5,0,0.42,0.22
SNP2_YEAST,0.51,0.5,0.54,0.11,0.5,0,0.6,0.22
GLRX_YEAST,0.52,0.5,0.6,0.2,0.5,0,0.52,0.22
CHS1_YEAST,0.26,0.5,0.33,0.28,0.5,0,0.51,0.22
CBS2_YEAST,0.67,0.62,0.54,0.43,0.5,0,0.53,0.22
MET2_YEAST,0.4,0.47,0.48,0.18,0.5,0,0.46,0.22
ALG8_YEAST,0.41,0.54,0.39,0.2,0.5,0,0.51,0.22
YK68_YEAST,0.32,0.29,0.29,0.08,0.5,0,0.52,0.22
MDM1_YEAST,0.49,0.44,0.45,0.22,0.5,0,0.51,0.22
YIB3_YEAST,0.52,0.46,0.34,0.2,0.5,0,0.51,0.25
CBP6_YEAST,0.47,0.41,0.66,0.26,0.5,0,0.53,0.22
GLO3_YEAST,0.34,0.66,0.51,0.16,0.5,0,0.47,0.33
SC13_YEAST,0.49,0.38,0.56,0.09,0.5,0,0.46,0.22
ITR2_YEAST,0.35,0.53,0.35,0.33,0.5,0,0.5,0.32
OPI1_YEAST,0.58,0.51,0.56,0.16,0.5,0,0.34,0.22
OAT_YEAST,0.27,0.6,0.48,0.23,0.5,0,0.55,0.22
SED5_YEAST,0.42,0.28,0.33,0.23,0.5,0,0.39,0.26
PR19_YEAST,0.48,0.41,0.54,0.39,0.5,0,0.51,0.22
IDH2_YEAST,0.45,0.54,0.54,0.62,0.5,0,0.53,0.22
TFC1_YEAST,0.54,0.67,0.56,0.15,0.5,0,0.57,0.33
ATP8_YEAST,0.67,0.62,0.4,0.43,0.5,0.83,0.5,0.22
SDH4_YEAST,0.47,0.58,0.47,0.52,0.5,0,0.54,0.22
YB32_YEAST,0.4,0.44,0.47,0.25,0.5,0,0.54,0.56
HIS7_YEAST,0.56,0.44,0.56,0.19,0.5,0,0.54,0.22
PPCK_YEAST,0.45,0.47,0.53,0.15,0.5,0,0.52,0.27
HXT4_YEAST,0.43,0.44,0.3,0.18,0.5,0,0.51,0.22
ADR6_YEAST,0.48,0.17,0.37,0.33,0.5,0,0.44,0.36
ARG1_YEAST,0.37,0.32,0.47,0.18,0.5,0,0.45,0.25
TFC4_YEAST,0.33,0.17,0.52,0.13,0.5,0,0.51,0.75
PTP1_YEAST,0.53,0.45,0.53,0.18,0.5,0,0.42,0.22
NPL1_YEAST,0.65,0.66,0.37,0.12,0.5,0,0.52,0.27
APE2_YEAST,0.49,0.39,0.52,0.29,0.5,0,0.48,0.22
OCH1_YEAST,0.83,0.57,0.42,0.57,0.5,0,0.5,0.32
RAD5_YEAST,0.36,0.48,0.5,0.13,0.5,0,0.49,0.6
RT04_YEAST,0.42,0.53,0.53,0.64,0.5,0,0.47,0.22
HS77_YEAST,0.51,0.5,0.49,0.45,0.5,0,0.48,0.22
HCM1_YEAST,0.46,0.57,0.57,0.15,0.5,0,0.52,0.26
NHP2_YEAST,0.36,0.44,0.51,0.17,0.5,0,0.6,0.19
YBC4_YEAST,0.32,0.3,0.57,0.38,0.5,0,0.5,0.25
RL18_YEAST,0.45,0.5,0.57,0.29,0.5,0,0.44,0.11
THRC_YEAST,0.54,0.55,0.55,0.4,0.5,0,0.53,0.22
YAG7_YEAST,0.49,0.49,0.4,0.2,0.5,0,0.48,0.26
DPM1_YEAST,0.54,0.42,0.41,0.16,0.5,0,0.52,0.22
END1_YEAST,0.46,0.49,0.45,0.28,0.5,0,0.55,0.22
KRE9_YEAST,0.87,0.83,0.57,0.36,0.5,0,0.36,0.22
RA52_YEAST,0.31,0.39,0.55,0.28,0.5,0,0.46,0.31
AR56_YEAST,0.45,0.58,0.48,0.67,0.5,0,0.52,0.22
GAP1_YEAST,0.49,0.46,0.34,0.21,0.5,0,0.55,0.22
PR38_YEAST,0.52,0.37,0.48,0.13,0.5,0,0.55,0.22
SP11_YEAST,0.46,0.5,0.5,0.28,0.5,0,0.5,0.37
F16P_YEAST,0.58,0.6,0.51,0.24,0.5,0,0.53,0.22
CRM1_YEAST,0.56,0.52,0.48,0.17,0.5,0,0.46,0.22
CAT8_YEAST,0.44,0.52,0.41,0.23,0.5,0,0.51,0.22
ACT_YEAST,0.46,0.44,0.52,0.11,0.5,0,0.5,0.22
COX1_YEAST,0.72,0.61,0.37,0.3,0.5,0,0.57,0.22
ADA3_YEAST,0.33,0.46,0.53,0.29,0.5,0,0.5,0.55
E2BG_YEAST,0.45,0.42,0.52,0.2,0.5,0,0.5,0.25
SIS1_YEAST,0.56,0.55,0.57,0.15,0.5,0,0.54,0.25
PUT1_YEAST,0.6,0.59,0.47,0.47,0.5,0,0.53,0.22
RA18_YEAST,0.51,0.55,0.56,0.18,0.5,0,0.5,0.38
MYS4_YEAST,0.43,0.4,0.5,0.18,0.5,0,0.5,0.28
STU1_YEAST,0.33,0.37,0.49,0.22,0.5,0,0.55,0.22
HXT8_YEAST,0.42,0.44,0.33,0.17,0.5,0,0.54,0.27
PIR1_YEAST,0.77,0.78,0.51,0.28,0.5,0,0.33,0.22
AROG_YEAST,0.48,0.54,0.55,0.12,0.5,0,0.51,0.22
PR09_YEAST,0.51,0.39,0.56,0.25,0.5,0,0.51,0.33
FCY2_YEAST,0.46,0.35,0.33,0.17,0.5,0,0.55,0.22
TFC3_YEAST,0.47,0.38,0.5,0.15,0.5,0,0.49,0.47
SRD1_YEAST,0.53,0.25,0.59,0.27,0.5,0,0.45,0.26
YHB7_YEAST,0.83,0.94,0.32,0.21,0.5,0,0.51,0.22
FU34_YEAST,0.37,0.34,0.32,0.22,0.5,0,0.56,0.22
HMD1_YEAST,0.51,0.63,0.3,0.35,0.5,0,0.53,0.27
SIR1_YEAST,0.45,0.41,0.53,0.49,0.5,0,0.49,0.31
YHG2_YEAST,0.2,0.6,0.5,0.29,0.5,0,0.51,0.22
YAG3_YEAST,0.88,0.75,0.41,0.36,0.5,0,0.43,0.22
SPB4_YEAST,0.57,0.55,0.51,0.18,0.5,0,0.51,0.43
RED1_YEAST,0.57,0.55,0.52,0.16,0.5,0,0.49,0.39
YCK2_YEAST,0.59,0.48,0.49,0.49,0.5,0,0.36,0.32
NSP1_YEAST,0.87,0.47,0.6,0.47,0.5,0,0.59,0.22
SYKM_YEAST,0.5,0.56,0.49,0.61,0.5,0,0.5,0.22
R141_YEAST,0.57,0.41,0.59,0.24,0.5,0,0.4,0.22
CHL4_YEAST,0.57,0.51,0.53,0.18,0.5,0,0.56,0.25
VATC_YEAST,0.64,0.61,0.56,0.15,0.5,0,0.54,0.22
MLH1_YEAST,0.66,0.54,0.49,0.16,0.5,0,0.54,0.36
ANP1_YEAST,0.74,0.75,0.58,0.47,0.5,0,0.4,0.35
YN70_YEAST,0.51,0.65,0.53,0.19,0.5,0,0.49,0.22
CB32_YEAST,0.4,0.44,0.49,0.47,0.5,0,0.49,0.27
RL19_YEAST,0.72,0.37,0.63,0.38,0.5,0,0.4,0.14
RF1M_YEAST,0.6,0.62,0.54,0.4,0.5,0,0.5,0.22
CBP1_YEAST,0.45,0.45,0.5,0.6,0.5,0,0.49,0.22
SYLM_YEAST,0.6,0.51,0.52,0.45,0.5,0,0.5,0.27
E2BA_YEAST,0.45,0.56,0.49,0.17,0.5,0,0.52,0.22
SMF2_YEAST,0.23,0.37,0.32,0.13,0.5,0,0.53,0.22
SUV3_YEAST,0.61,0.54,0.54,0.38,0.5,0,0.54,0.29
GAL7_YEAST,0.5,0.5,0.48,0.17,0.5,0,0.47,0.26
AFR1_YEAST,0.38,0.61,0.61,0.12,0.5,0,0.53,0.47
MA3S_YEAST,0.39,0.37,0.56,0.15,0.5,0,0.5,0.27
SHR3_YEAST,0.7,0.57,0.34,0.19,0.5,0,0.53,0.27
DYR_YEAST,0.8,0.46,0.5,0.15,0.5,0,0.53,0.22
YB72_YEAST,0.57,0.52,0.46,0.2,0.5,0.83,0.52,0.41
H2B1_YEAST,0.32,0.34,0.61,0.17,0.5,0,0.52,0.32
PPAB_YEAST,0.74,0.72,0.5,0.28,0.5,0,0.5,0.27
SRS2_YEAST,0.51,0.61,0.5,0.23,0.5,0,0.52,0.61
HXT2_YEAST,0.49,0.4,0.34,0.26,0.5,0,0.5,0.22
RL19_YEAST,0.72,0.37,0.63,0.38,0.5,0,0.4,0.14
YB8E_YEAST,0.56,0.71,0.47,0.21,0.5,0,0.52,0.22
S61A_YEAST,0.55,0.72,0.35,0.26,0.5,0,0.49,0.22
HEX2_YEAST,0.44,0.42,0.62,0.14,0.5,0,0.55,0.37
RLA3_YEAST,0.73,0.6,0.47,0.2,0.5,0,0.72,0.22
SRB4_YEAST,0.49,0.6,0.42,0.18,0.5,0,0.58,0.28
CTK1_YEAST,0.31,0.46,0.54,0.52,0.5,0,0.5,0.34
RS41_YEAST,0.32,0.44,0.54,0.21,0.5,0,0.4,0.19
ATH1_YEAST,0.49,0.6,0.3,0.34,0.5,0,0.5,0.43
MAG_YEAST,0.46,0.32,0.58,0.17,0.5,0,0.61,0.25
KIN2_YEAST,0.36,0.35,0.47,0.22,0.5,0,0.44,0.31
VATL_YEAST,0.73,0.59,0.35,0.15,0.5,0,0.54,0.22
KTR2_YEAST,0.76,0.74,0.56,0.34,0.5,0,0.51,0.3
ADR1_YEAST,0.53,0.54,0.43,0.1,0.5,0,0.57,0.32
PMT_YEAST,0.5,0.61,0.44,0.2,0.5,0,0.49,0.22
TCPE_YEAST,0.62,0.42,0.47,0.16,0.5,0,0.52,0.22
KI28_YEAST,0.57,0.49,0.48,0.16,0.5,0,0.51,0.22
CSG2_YEAST,0.69,0.61,0.38,0.27,0.5,0,0.52,0.22
SIN3_YEAST,0.4,0.49,0.53,0.23,0.5,0,0.44,0.26
FBRL_YEAST,0.35,0.44,0.54,0.26,0.5,0,0.52,0.26
R272_YEAST,0.39,0.65,0.57,0.19,0.5,0,0.43,0.25
CARA_YEAST,0.53,0.51,0.46,0.28,0.5,0,0.48,0.22
TIF3_YEAST,0.47,0.56,0.58,0.19,0.5,0,0.44,0.64
PH84_YEAST,0.38,0.45,0.37,0.19,0.5,0,0.52,0.3
KSS1_YEAST,0.52,0.48,0.54,0.28,0.5,0,0.54,0.22
CC12_YEAST,0.6,0.5,0.57,0.25,0.5,0,0.41,0.26
RPC4_YEAST,0.36,0.49,0.55,0.21,0.5,0,0.55,0.33
MSP1_YEAST,0.63,0.6,0.5,0.27,0.5,0,0.55,0.22
AGA1_YEAST,0.78,0.74,0.42,0.26,0.5,0,0.43,0.22
SC62_YEAST,0.54,0.44,0.35,0.19,0.5,0,0.51,0.27
PES4_YEAST,0.67,0.46,0.58,0.3,0.5,0,0.57,0.27
RM09_YEAST,0.58,0.53,0.57,0.46,0.5,0,0.51,0.27
KC22_YEAST,0.49,0.31,0.49,0.35,0.5,0,0.51,0.29
CAD1_YEAST,0.48,0.23,0.57,0.27,0.5,0,0.48,0.47
GAL1_YEAST,0.48,0.35,0.42,0.21,0.5,0,0.57,0.22
RS8_YEAST,0.37,0.3,0.62,0.43,0.5,0,0.44,0.39
YM38_YEAST,0.39,0.28,0.54,0.14,0.5,0,0.59,0.22
YN94_YEAST,0.81,0.79,0.32,0.37,0.5,0,0.41,0.22
RL35_YEAST,0.52,0.47,0.58,0.18,0.5,0,0.34,0.11
ADH1_YEAST,0.43,0.53,0.52,0.13,0.5,0,0.55,0.22
ST14_YEAST,0.4,0.65,0.38,0.17,0.5,0,0.57,0.22
CC10_YEAST,0.5,0.64,0.57,0.15,0.5,0,0.47,0.22
SP21_YEAST,0.44,0.59,0.54,0.18,0.5,0,0.49,0.22
ZUO1_YEAST,0.43,0.4,0.6,0.16,0.5,0,0.53,0.39
PMT2_YEAST,0.27,0.49,0.36,0.26,0.5,0,0.49,0.26
PMGY_YEAST,0.55,0.41,0.56,0.21,0.5,0,0.52,0.22
AMPM_YEAST,0.48,0.51,0.57,0.24,0.5,0,0.5,0.22
PRC6_YEAST,0.53,0.43,0.57,0.24,0.5,0,0.39,0.28
MET4_YEAST,0.55,0.65,0.5,0.28,0.5,0,0.55,0.22
RPC3_YEAST,0.29,0.4,0.5,0.16,0.5,0,0.51,0.34
YKA5_YEAST,0.41,0.25,0.59,0.44,0.5,0,0.6,0.69
CEM1_YEAST,0.71,0.59,0.48,0.43,0.5,0,0.59,0.22
RNA1_YEAST,0.45,0.52,0.5,0.12,0.5,0,0.6,0.22
LEU2_YEAST,0.51,0.43,0.47,0.19,0.5,0,0.52,0.37
MAN1_YEAST,0.37,0.36,0.56,0.18,0.5,0,0.48,0.26
FPPS_YEAST,0.55,0.56,0.45,0.14,0.5,0,0.54,0.22
RU1A_YEAST,0.47,0.46,0.55,0.28,0.5,0,0.44,0.46
SNQ2_YEAST,0.45,0.57,0.38,0.28,0.5,0,0.53,0.31
NOT2_YEAST,0.64,0.6,0.57,0.19,0.5,0,0.43,0.22
MAS6_YEAST,0.41,0.41,0.51,0.19,0.5,0,0.57,0.22
YB48_YEAST,0.29,0.39,0.46,0.36,0.5,0,0.51,0.22
CIN1_YEAST,0.48,0.61,0.44,0.2,0.5,0,0.47,0.22
DUR3_YEAST,0.83,0.58,0.33,0.04,0.5,0,0.53,0.22
NDC1_YEAST,0.47,0.59,0.37,0.31,0.5,0,0.51,0.36
TSL1_YEAST,0.79,0.56,0.53,0.19,0.5,0,0.47,0.35
THIL_YEAST,0.54,0.65,0.49,0.34,0.5,0,0.52,0.22
INO4_YEAST,0.45,0.38,0.59,0.18,0.5,0,0.44,0.45
SPT2_YEAST,0.37,0.48,0.67,0.37,0.5,0,0.56,0.62
PHR_YEAST,0.5,0.42,0.57,0.49,0.5,0,0.48,0.27
CYAA_YEAST,0.2,0.26,0.52,0.14,0.5,0,0.53,0.44
PTR2_YEAST,0.36,0.33,0.38,0.15,0.5,0,0.55,0.36
LYS2_YEAST,0.46,0.47,0.46,0.16,0.5,0,0.51,0.22
COQ2_YEAST,0.63,0.56,0.45,0.58,0.5,0,0.51,0.22
CACP_YEAST,0.45,0.41,0.5,0.46,0.5,0.5,0.5,0.27
FHL1_YEAST,0.33,0.44,0.49,0.08,0.5,0,0.48,0.49
COX4_YEAST,0.5,0.52,0.6,0.51,0.5,0,0.48,0.22
SFL1_YEAST,0.49,0.49,0.52,0.18,0.5,0,0.51,0.25
TRK2_YEAST,0.59,0.48,0.41,0.53,0.5,0,0.48,0.56
ALF_YEAST,0.56,0.62,0.53,0.24,0.5,0,0.57,0.22
YHP0_YEAST,0.38,0.44,0.57,0.14,0.5,0,0.53,0.52
RT02_YEAST,0.57,0.4,0.62,0.3,0.5,0,0.48,0.11
SC14_YEAST,0.38,0.4,0.53,0.12,0.5,0,0.55,0.22
THIK_YEAST,0.46,0.48,0.44,0.21,0.5,0,0.55,0.22
PRC8_YEAST,0.45,0.45,0.52,0.17,0.5,0,0.54,0.22
HBS1_YEAST,0.21,0.38,0.49,0.16,0.5,0,0.51,0.45
GCR2_YEAST,0.54,0.56,0.57,0.18,0.5,0,0.45,0.25
CYPC_YEAST,0.47,0.46,0.59,0.49,0.5,0,0.56,0.22
YHQ1_YEAST,0.72,0.73,0.41,0.28,0.5,0,0.44,0.22
RPC6_YEAST,0.37,0.45,0.53,0.14,0.5,0,0.49,0.22
LIP5_YEAST,0.68,0.5,0.55,0.65,0.5,0,0.46,0.31
RM25_YEAST,0.45,0.43,0.63,0.4,0.5,0,0.59,0.11
RA55_YEAST,0.64,0.5,0.53,0.1,0.5,0,0.51,0.22
DCP3_YEAST,0.52,0.46,0.51,0.18,0.5,0,0.5,0.22
PRC5_YEAST,0.28,0.51,0.55,0.19,0.5,0,0.57,0.22
ER24_YEAST,0.63,0.61,0.41,0.22,0.5,0,0.51,0.22
PT17_YEAST,0.75,0.6,0.43,0.35,0.5,0,0.45,0.27
DBR1_YEAST,0.55,0.54,0.56,0.22,0.5,0,0.5,0.37
ENO2_YEAST,0.45,0.56,0.53,0.32,0.5,0,0.57,0.22
MBP1_YEAST,0.5,0.49,0.52,0.2,0.5,0,0.43,0.52
MSN2_YEAST,0.53,0.4,0.57,0.12,0.5,0,0.53,0.32
SP23_YEAST,0.48,0.65,0.36,0.24,0.5,0,0.54,0.31
SNF6_YEAST,0.55,0.4,0.62,0.22,0.5,0,0.37,0.28
ACR1_YEAST,0.66,0.55,0.45,0.19,0.5,0,0.46,0.22
SED4_YEAST,0.52,0.55,0.39,0.09,1,0,0.55,0.25
COFI_YEAST,0.44,0.42,0.6,0.21,0.5,0,0.57,0.22
XRS2_YEAST,0.64,0.56,0.52,0.17,0.5,0,0.54,0.47
YKM9_YEAST,0.41,0.45,0.46,0.23,0.5,0,0.5,0.7
BDF1_YEAST,0.33,0.43,0.64,0.16,0.5,0,0.52,0.52
ATPA_YEAST,0.45,0.55,0.54,0.66,0.5,0,0.47,0.22
RA54_YEAST,0.43,0.41,0.51,0.34,0.5,0,0.49,0.28
TPS2_YEAST,0.54,0.43,0.48,0.27,0.5,0,0.44,0.41
CAPB_YEAST,0.3,0.56,0.55,0.18,0.5,0,0.5,0.22
GCS1_YEAST,0.43,0.51,0.54,0.15,0.5,0,0.45,0.26
NAB2_YEAST,0.56,0.63,0.52,0.2,0.5,0,0.34,0.26
KHS1_YEAST,0.89,0.77,0.36,0.34,0.5,0,0.44,0.22
ERG1_YEAST,0.58,0.6,0.43,0.12,0.5,0,0.55,0.22
MCM1_YEAST,0.18,0.48,0.46,0.12,0.5,0,0,0.25
ILV5_YEAST,0.57,0.61,0.55,0.67,0.5,0,0.48,0.22
YJ64_YEAST,0.85,0.85,0.3,0.31,0.5,0,0.55,0.42
FUR1_YEAST,0.69,0.6,0.5,0.31,0.5,0,0.55,0.22
IF2G_YEAST,0.51,0.35,0.46,0.15,0.5,0,0.51,0.42
RL12_YEAST,0.59,0.51,0.48,0.12,0.5,0,0.54,0.31
CHI2_YEAST,0.82,0.75,0.54,0.23,0.5,0,0.46,0.22
CTPT_YEAST,0.41,0.4,0.59,0.47,0.5,0,0.48,0.43
FET4_YEAST,0.39,0.44,0.28,0.12,0.5,0,0.46,0.27
YN19_YEAST,0.41,0.59,0.46,0.19,0.5,0,0.36,0.22
RL3A_YEAST,0.43,0.33,0.67,0.12,0.5,0,0.45,0.23
VM11_YEAST,0.68,0.68,0.35,0.16,0.5,0,0.62,0.22
FKB3_YEAST,0.54,0.57,0.52,0.19,0.5,0,0.59,0.67
VP16_YEAST,0.41,0.48,0.51,0.2,0.5,0,0.51,0.22
EXG1_YEAST,0.77,0.87,0.47,0.37,0.5,0,0.48,0.22
R19B_YEAST,0.52,0.43,0.61,0.22,0.5,0,0.45,0.22
SYMM_YEAST,0.51,0.48,0.51,0.43,0.5,0,0.49,0.22
YME1_YEAST,0.63,0.57,0.5,0.48,0.5,0,0.51,0.22
P2B2_YEAST,0.59,0.5,0.52,0.28,0.5,0,0.55,0.25
SR68_YEAST,0.62,0.33,0.49,0.24,0.5,0,0.51,0.42
SC12_YEAST,0.55,0.52,0.44,0.2,0.5,0,0.56,0.22
SSB1_YEAST,0.44,0.39,0.63,0.11,0.5,0,0.49,0.26
ASSY_YEAST,0.66,0.62,0.49,0.1,0.5,0,0.49,0.22
DA80_YEAST,0.59,0.58,0.56,0.21,0.5,0,0.54,0.33
NOP2_YEAST,0.43,0.28,0.53,0.34,0.5,0,0.55,0.57
VATA_YEAST,0.36,0.51,0.51,0.17,0.5,0,0.52,0.22
ABC1_YEAST,0.5,0.54,0.48,0.65,0.5,0,0.53,0.22
IF2B_YEAST,0.41,0.35,0.6,0.22,0.5,0,0.56,0.79
SED1_YEAST,0.77,0.82,0.4,0.36,0.5,0,0.38,0.22
YBI8_YEAST,0.45,0.5,0.43,0.16,0.5,0,0.52,0.28
COX6_YEAST,0.5,0.4,0.56,0.7,0.5,0,0.5,0.22
RS4_YEAST,0.25,0.48,0.45,0.32,0.5,0,0.4,0.22
ACT5_YEAST,0.5,0.34,0.55,0.21,0.5,0,0.49,0.22
SPT7_YEAST,0.49,0.6,0.54,0.35,0.5,0,0.53,0.46
YBE2_YEAST,0.26,0.3,0.37,0.15,0.5,0,0.53,0.25
R37A_YEAST,0.4,0.45,0.61,0.29,0.5,0,0.44,0.22
CBPS_YEAST,0.7,0.65,0.54,0.28,0.5,0,0.6,0.4
ATP7_YEAST,0.54,0.52,0.63,0.37,0.5,0,0.46,0.22
ACE2_YEAST,0.42,0.37,0.59,0.2,0.5,0,0.52,0.29
